thickn,rho,vp,vs,dip,strike,plunge,trend,ani
9725.855994078525,1510.7924222542151,5910.1796909267705,3023.221367945621,0.0,0.0,0.0,0.0,0.0
11936.6835985942,2990.1417235402764,7281.309740313702,3937.878809532939,7.043175800042555,107.40846990737872,20.75642313060199,297.9992258418231,0.35474962246120967
13855.620724000535,2887.1569125390806,6864.658153919456,3580.882629213156,5.436027154379124,232.82513382398864,41.83109295936721,94.5896799278844,7.599068661107581
0.0,3500.0,8100.0,4500.0,6.637377545326428,318.3807299483732,0.0,0.0,0.0
