thickn,rho,vp,vs,dip,strike,plunge,trend,ani
39675.92023814055,2965.1337795181785,6914.88450621578,4090.007325193853,0.0,0.0,0.0,0.0,0.0
0.0,3500.0,8100.0,4500.0,0.0,0.0,0.0,0.0,0.0
