index,thickn,rho,vp,vs,dip,strike,plunge,trend,ani
5,14590,2330,6268,3550,0.0,0.0,58.631846297257255,115.42345624271123,2.8279175986054734
6,5640,2343,7113,4127,3.705865028130754,274.4307188574021,7.368071551534023,312.89197058023626,3.354800817076919
7,14541,2892,7027,4049,4.533736020136069,316.05867793856083,74.13668532204646,106.36914914183656,7.515865895529641
8,0,3050,8289,4961,1.6226356548591359,304.69840356067857,31.377245126661087,6.775935549811467,4.077914996064616
