index,thickn,rho,vp,vs,dip,strike,plunge,trend,ani
0,44028,2355,6459,3610,0.0,0.0,0,0,0
1,0,2388,8041,4544,4.387158640620203,225.22493207307457,0,0,0
