thickn,rho,vp,vs,dip,strike,plunge,trend,ani
9025.966358044112,1628.0111705368092,6916.278123096533,3642.880761615055,0.0,0.0,0.0,0.0,0.0
34069.237234074404,2988.50366384522,7365.905278049708,3517.2891753487565,2.2768000382275306,239.9133441971278,13.871596575736636,191.89940621874163,0.8842099944315231
0.0,3500.0,8100.0,4500.0,0.9717569673282958,323.02926669093654,0.0,0.0,0.0
