thickn,rho,vp,vs,dip,strike,plunge,trend,ani
20701.071067504516,2929.0881399456907,5959.208206662935,3801.6416999392663,0.0,0.0,0.0,0.0,0.0
17132.233361113962,2723.0113658522173,6474.18779046005,3670.7012130961266,5.77696492190376,191.22288141300984,19.106611038552355,6.349420238529461,1.4401960854016034
0.0,3500.0,8100.0,4500.0,2.5034531860940716,37.060474909822574,0.0,0.0,0.0
