thickn,rho,vp,vs,dip,strike,plunge,trend,ani
26786.919734571373,2960.394936561748,6059.429079705743,3885.170209003182,0.0,0.0,0.0,0.0,0.0
10422.896813090592,2836.74447590683,7352.66981681951,3866.681517473569,7.154475461017555,40.12047370201353,21.320364286030973,160.78954662654894,2.3551053982480603
0.0,3500.0,8100.0,4500.0,0.890223981248528,202.98755276341114,0.0,0.0,0.0
