thickn,rho,vp,vs,dip,strike,plunge,trend,ani
36069.28361259995,2970.8244864898343,6669.754160860198,4073.3144926916975,0.0,0.0,0.0,0.0,0.0
0.0,3500.0,8100.0,4500.0,0.0,0.0,0.0,0.0,0.0
