thickn,rho,vp,vs,dip,strike,plunge,trend,ani
12725.499389206529,1690.213924902463,5924.148452192165,3422.746810937197,0.0,0.0,23.70457655694784,286.1807933575842,5.610133113812196
5184.2267224228135,2065.035270856029,6325.506824609098,3488.4829174269958,3.720748110603636,75.29968344303472,35.75506966983339,252.32909207931942,3.5870593605223733
7766.744511744997,3181.266413741376,6167.444969154156,3321.702902816008,2.4455532872911716,85.77195334056196,35.23688182876844,316.26456526433793,3.2852544479186134
7485.4648158505015,3213.7369270314803,6740.239342681359,3769.992923095977,0.2319342162874718,186.20488735972003,1.7634269886991127,124.56587340897283,2.3683732541184406
0.0,3500.0,8100.0,4500.0,2.351028103377325,313.5729292788218,44.636018643545924,291.2160311071305,6.9465954504652085
