thickn,rho,vp,vs,dip,strike,plunge,trend,ani
14315.769256861207,2183.7049660813846,5864.569010760833,3625.0335750196755,0.0,0.0,34.36670653513663,75.67244768312688,7.940247097075095
20392.564409900595,2922.936553699582,6337.462739199416,3600.921650987151,6.1114063642329,54.40843410579643,40.30452591968498,244.20596428262886,9.316821781306574
0.0,3500.0,8100.0,4500.0,1.0392614198503145,336.219725207564,8.932712597042926,359.54923769063544,5.0250806616926305
