thickn,rho,vp,vs,dip,strike,plunge,trend,ani
36341.25178976938,2978.172059766121,6500.981869437044,3770.800533878476,0.0,0.0,42.894837237828554,13.912424555507698,1.893057779499948
0.0,3500.0,8100.0,4500.0,6.4726242611031335,285.7056446481468,0.0,0.0,0.0
