thickn,rho,vp,vs,dip,strike,plunge,trend,ani
9749.599884021145,2317.6145594329328,5866.867812922105,3231.8977550155773,0.0,0.0,40.131192674888766,22.102830212943132,3.2241965628649405
7549.9699177639595,2837.517180510661,6753.213215346162,3289.6249149571395,7.602317856227595,265.7015001335195,3.7337428303852036,148.8121090182382,4.706287916936935
14916.100111406351,3093.446625257151,7240.221734435479,3718.7564306771287,3.8020169992471953,187.60848421141787,6.288023337371648,215.29331306085862,8.642431988994424
0.0,3500.0,8100.0,4500.0,5.70714344714153,259.0905159064364,26.112908785332724,184.21657038368537,7.560053635541349
