thickn,rho,vp,vs,dip,strike,plunge,trend,ani
8985.604649675106,1917.1550072033929,6451.989740662233,3878.295041700003,0.0,0.0,0.0,0.0,0.0
21445.811063766636,2939.338343715035,7428.02417597206,3839.199839393574,5.002419927109452,265.07525787552987,14.563007113584133,216.96504112324533,4.428624109015267
0.0,3500.0,8100.0,4500.0,1.7358363539720587,101.88179484673456,0.0,0.0,0.0
