thickn,rho,vp,vs,dip,strike,plunge,trend,ani
14680.569538178876,2122.8242339296717,6039.415363411685,3571.345994853248,0.0,0.0,0.0,0.0,0.0
14062.505022781552,2613.5617687659833,6023.1856759026405,3551.8874109421245,3.1650490788603687,250.83449543410936,7.817262330573378,121.85613849312068,2.172228144877151
6748.975679970518,2801.4612377703347,7014.360767995784,3896.1596748798634,3.962674336362584,358.529472211129,23.750611972712285,163.8585935186669,2.3792800485885532
0.0,3500.0,8100.0,4500.0,0.6933469247297017,6.072130819350889,0.0,0.0,0.0
