thickn,rho,vp,vs,dip,strike,plunge,trend,ani
11799.411237469489,2877.1601896794527,7414.358348316867,3864.551676103483,0.0,0.0,0.0,0.0,0.0
27135.103621706214,2972.5921038712268,6498.923673957221,3935.764031003802,7.61393031773272,273.2488342166736,44.56712375195976,260.72005916471466,0.16183503837307445
0.0,3500.0,8100.0,4500.0,0.5515531222952679,322.9177404567064,0.0,0.0,0.0
