thickn,rho,vp,vs,dip,strike,plunge,trend,ani
9176.290606897337,2478.251758609832,6063.865512629929,3569.084430160969,0.0,0.0,0.0,0.0,0.0
14938.825018909178,2969.553619726589,6524.949592149711,3966.1194424798796,7.087551735307118,159.9179829706581,26.21840231644783,29.506823824723114,4.273211034697475
12418.310676080724,3339.4599145075517,7193.41952249292,3328.1421856921925,3.613830325237264,94.90152272182043,27.029982224707823,111.37242149842625,4.710618963143018
0.0,3500.0,8100.0,4500.0,2.0530633979190736,64.62268553569473,0.0,0.0,0.0
