thickn,rho,vp,vs,dip,strike,plunge,trend,ani
39572.16354611215,2965.875662786753,6063.882926983194,4014.9258631037483,0.0,0.0,42.571213057733836,119.09971897247135,8.122916393031726
0.0,3500.0,8100.0,4500.0,6.85130729097799,312.4927177378364,36.04677495604006,37.14546651542517,0.0
