thickn,rho,vp,vs,dip,strike,plunge,trend,ani
9439.501071466611,1909.9876796133399,5881.255691028402,3558.808671790829,0.0,0.0,0.0,0.0,0.0
13140.973334164673,2739.6779181742854,7121.8342402689905,3975.5442965848665,0.0,0.0,0.0,0.0,0.0
14286.662226656808,3351.536093527056,6553.784429997266,3354.167001306083,0.0,0.0,0.0,0.0,0.0
0.0,3500.0,8100.0,4500.0,0.0,0.0,0.0,0.0,0.0
