index,thickn,rho,vp,vs,dip,strike,plunge,trend,ani
14,10710,2260,5828,3584,0.0,0.0,51.96338497817361,261.16197847939077,4.2985649638411445
15,5220,2771,6012,3634,2.4733473795083976,315.36625834680643,23.227544607957263,140.60732282225692,7.0765138626128685
16,10080,2426,7273,3860,3.280746479402829,257.16356465548864,34.32337563519922,221.59299667178155,5.617903607889769
17,9447,2616,6793,4028,4.512170609356093,251.5536906229979,45.722072270854405,308.6844600085426,3.121260489815608
18,11734,3392,7347,4196,3.413697803875409,238.38258141195263,85.93447081061227,126.94011003978395,5.214518807006033
19,0,3227,8413,4890,3.977500867136125,181.90508446740827,82.55914176696109,256.6306161447,3.9357471228823786
