thickn,rho,vp,vs,dip,strike,plunge,trend,ani
35246.4579301126,2980.9563863485314,6819.852374597311,3946.7901820283682,0.0,0.0,0.0,0.0,0.0
0.0,3500.0,8100.0,4500.0,0.0,0.0,0.0,0.0,0.0
