index,thickn,rho,vp,vs,dip,strike,plunge,trend,ani
2,15287,2313,6487,3783,0.0,0.0,56.748968132978455,90.29073279190798,5.243775246075406
3,18886,2930,6381,4409,2.5384016674353638,273.7259407368392,43.07665170091521,221.8555941590578,5.4672161589061785
4,0,2925,8802,4699,5.530055047428618,143.43886164616418,2.728510012763966,76.0710729205261,3.5837719866723923
