index,thickn,rho,vp,vs,dip,strike,plunge,trend,ani
5,14643,1979,5964,3576,0.0,0.0,7.861766125700942,10.466659590616027,4.231038624233014
6,14676,2649,7190,4158,4.020632583340348,139.58242272522085,19.56423195075855,215.57736764799984,5.840563667724657
7,12065,3207,7868,4508,4.017169713809462,277.7043480126087,73.2561795777341,218.89178413536797,4.248927065876149
8,0,3747,8292,4893,3.847121560478697,114.140431047896,45.23035705898212,209.08352031699673,4.638671753161559
