index,thickn,rho,vp,vs,dip,strike,plunge,trend,ani
0,39690,2280,6581,4037,0.0,0.0,0.2759367726659503,303.34728458191887,7.503288376471322
1,0,2372,8392,4917,5.484578353394583,129.98903632101485,49.31149954951602,242.3105215973684,2.051634175412737
