thickn,rho,vp,vs,dip,strike,plunge,trend,ani
8543.473888023338,2428.577407602148,6015.654613423131,3433.450114231305,0.0,0.0,0.0,0.0,0.0
11136.354660857678,2773.489864290463,6168.617130849137,3755.743951750474,4.494173512675877,14.713117967782438,5.7890836921945485,33.420279537250224,7.388152079782769
12705.52891289374,3235.235379252406,7459.829257802006,3207.8682781017424,2.2207579815309186,115.6158525651419,2.4064920815086666,134.26004781532552,4.985280339524563
0.0,3500.0,8100.0,4500.0,6.222451720200657,356.8657392838495,0.0,0.0,0.0
