thickn,rho,vp,vs,dip,strike,plunge,trend,ani
43422.1899115665,2944.4750123482286,6765.272603319615,4028.9924336568065,0.0,0.0,0.0,0.0,0.0
0.0,3500.0,8100.0,4500.0,0.0,0.0,0.0,0.0,0.0
