thickn,rho,vp,vs,dip,strike,plunge,trend,ani
14345.127561614248,2016.3706520571181,6378.4892459252305,3519.033705215871,0.0,0.0,4.3664401037961085,343.2225290823647,0.32592627569640076
6651.7799467940695,2200.8007932102205,6862.569711937442,3721.7386003144925,4.799089312045591,156.14471119846138,8.168246514378499,243.31047780745504,7.667937987752569
9331.128376276996,3383.6113680849667,7696.586146136726,3467.9289201762494,2.474583934949584,251.8706594225973,36.510528342880164,252.6129243377568,9.918156494070393
0.0,3500.0,8100.0,4500.0,6.0702111831142425,153.77101437549265,13.453231431166355,326.43435029585,5.804563873266984
