thickn,rho,vp,vs,dip,strike,plunge,trend,ani
40985.038964755324,2906.270698174328,7271.319426886785,3916.1771541198054,0.0,0.0,39.04847162991108,240.2035802741853,3.985153311735381
0.0,3500.0,8100.0,4500.0,1.2152276832806268,206.9791871605873,15.498619928545475,245.09617106475474,0.0
