thickn,rho,vp,vs,dip,strike,plunge,trend,ani
11988.805689761595,1875.1489684018175,6001.074978700507,3479.517556843726,0.0,0.0,17.654623966380704,136.04116929830408,4.19394680244449
6942.3434033441645,2601.983943703335,6552.9458000480045,3629.692160212643,5.425926527705009,62.850996152897835,7.941405312505573,14.267338580019128,9.308492612743112
9994.972712966739,3097.6661096938865,6840.177881023029,3064.5058432163487,2.1589582586910616,291.0971544719075,32.66354217783729,40.94528129346543,7.174123141292085
13619.125355382832,3321.3925709984383,6495.695276249226,3702.1493694325777,7.608656539321945,151.20285512149118,43.54218096908626,199.2352500235607,7.58695041900685
0.0,3500.0,8100.0,4500.0,3.123962837132631,53.25217963275237,12.505800334788326,146.69887403929985,3.241741674274039
