thickn,rho,vp,vs,dip,strike,plunge,trend,ani
40043.52257187974,2994.61666984609,6297.1817090808045,4010.3533498292722,0.0,0.0,28.878109803508814,53.76196439532089,4.6758945392308915
0.0,3500.0,8100.0,4500.0,7.978922565162621,70.13500570562277,0.0,0.0,0.0
