index,thickn,rho,vp,vs,dip,strike,plunge,trend,ani
2,20586,2438,5952,3687,0.0,0.0,33.270907936926115,159.66729130253538,6.829920284174204
3,21137,2743,7425,3889,4.1493459090264375,338.5150802831286,35.38600986089329,52.63626308377908,4.1468827951993426
4,0,2973,8616,5103,3.057685076207097,340.1412968632826,26.09306442647587,228.1562328005365,4.029060174625669
