index,thickn,rho,vp,vs,dip,strike,plunge,trend,ani
14,8035,2278,5513,3177,0.0,0.0,0.0,0.0,0.0
15,5072,2265,6659,3611,1.865675060986344,146.38310531678982,0.0,0.0,0.0
16,7216,2647,6176,3765,2.340842461689485,44.94747705284975,0.0,0.0,0.0
17,13769,2443,7043,3790,2.3008477390631543,231.01744293865855,0.0,0.0,0.0
18,14338,3571,7850,3861,3.6217174830173606,15.54740465733079,0.0,0.0,0.0
19,0,3165,8797,4247,4.440768316160907,147.20864602558427,0.0,0.0,0.0
