index,thickn,rho,vp,vs,dip,strike,plunge,trend,ani
14,12098,2019,5993,3577,0.0,0.0,82.344444154885,45.80397774895352,7.30952870873869
15,7187,2309,6399,3656,2.1527509418907584,131.94922714648288,33.96777621604663,274.7790951937492,6.247534556257467
16,8900,2794,7096,3401,4.943346396195397,326.95940200308337,53.662950907666634,121.45494152351196,5.101281969919572
17,9830,2643,6561,3988,5.835133497518117,108.12994559313252,43.41237639218385,138.9983706572217,7.846314101661557
18,11182,2807,7866,4553,3.6917620133511497,40.68253517363949,27.01180099696556,134.66738840772663,2.900228538520917
19,0,3007,8012,4219,2.1277317117053993,324.3197924338992,31.37212246781,330.60610885776936,4.263601710779478
