index,thickn,rho,vp,vs,dip,strike,plunge,trend,ani
9,6058,2123,5910,3479,0.0,0.0,53.88842595319825,236.06058854028902,7.058164260898696
10,11797,2365,6916,3433,5.935729831045687,8.903161808991738,68.21050229143665,73.17437080988935,2.6041317480446153
11,7528,3064,6929,3799,1.9343751308104058,288.5094948451758,43.12038575175388,173.51132632683778,5.15140197216429
12,10143,3604,7341,4083,4.092608903759691,138.53981719813197,71.43911018762566,346.66285476891056,4.201197412054354
13,0,4035,8893,5400,4.276764715312933,78.39610477173144,24.660741551087106,8.53085334214706,3.7895517488630945
