thickn,rho,vp,vs,dip,strike,plunge,trend,ani
14027.074215166453,2222.1207006382815,6470.474044849754,3239.293537830643,0.0,0.0,7.989897512331211,122.98634029208779,3.6289142225230115
13041.482985772062,2378.7533213974516,6496.062033484788,3933.8149279568956,0.9989813461734114,310.7369364856487,37.88763778385051,233.53502534009186,7.484421247829751
13233.913931945592,2882.081135250226,7196.136208317119,3785.4094836452987,2.333878853083879,296.8910493361828,25.923840909990954,203.14402607716704,5.032782806048615
0.0,3500.0,8100.0,4500.0,5.939841675565818,69.85349025266677,22.35260519067319,201.60455109331687,7.982646684786587
