thickn,rho,vp,vs,dip,strike,plunge,trend,ani
14611.694042837402,2332.6549224168234,5897.60537994098,3043.3261708653977,0.0,0.0,7.405285531782674,276.35963508191014,8.131929440347273
9774.991453550794,2596.6497440189232,6177.693614853279,3453.081637319052,2.137040987208114,301.3840486624614,31.10469880076849,319.45199780414896,5.793533638522118
6533.354446819687,3138.3690545045056,6834.235209112461,3190.957336106012,3.6426358015869598,275.16103055906814,31.240939446979013,295.8421663724285,3.653390773039038
6748.416296570749,3083.198619161183,7077.48228785818,3767.603761081398,4.2515246221369285,207.57775823199614,6.762119356291304,3.9601165847376762,4.306644359954665
0.0,3500.0,8100.0,4500.0,1.5721231367102368,103.80582907618775,14.173539106505377,339.1692880759978,8.795874529818997
