thickn,rho,vp,vs,dip,strike,plunge,trend,ani
43927.0479940326,2987.5610361311196,7060.269393356535,3890.7841395105293,0.0,0.0,0.0,0.0,0.0
0.0,3500.0,8100.0,4500.0,0.0,0.0,0.0,0.0,0.0
