thickn,rho,vp,vs,dip,strike,plunge,trend,ani
44039.36907275644,2906.070556589156,6816.462917259964,3948.755273698959,0.0,0.0,0.0,0.0,0.0
0.0,3500.0,8100.0,4500.0,0.0,0.0,0.0,0.0,0.0
