thickn,rho,vp,vs,dip,strike,plunge,trend,ani
25575.453244096036,2518.3333947969204,6337.200489353933,3250.816620699511,0.0,0.0,38.08671213917321,168.67747296776867,7.03378619456764
12735.371020512495,2822.037435732649,7391.689651033268,3789.9691020244663,5.009909006284897,264.91720281957316,34.124959916886134,99.75531968356394,9.2152226018347
0.0,3500.0,8100.0,4500.0,3.913244777090313,180.72767227027205,24.98218160882499,253.65582539218371,9.173294831695813
