thickn,rho,vp,vs,dip,strike,plunge,trend,ani
13955.477043281193,2441.4386968941517,6274.9564763180915,3480.895371728082,0.0,0.0,0.0,0.0,0.0
8466.849312467622,2584.2253193542683,7448.280054375342,3217.84115050165,4.99737783926642,178.36559449418485,12.934971213687648,226.40191112559575,5.93527757478374
8738.823883303741,2863.448837384686,7286.901814383805,3685.1504957228676,5.173015777796823,156.79847325437314,14.514897366058147,162.24549991132687,5.560223110697988
0.0,3500.0,8100.0,4500.0,4.615381781736167,351.8359841940708,0.0,0.0,0.0
