thickn,rho,vp,vs,dip,strike,plunge,trend,ani
23307.89324026435,2674.546946900519,7021.469253467324,3396.4042137273314,0.0,0.0,0.0,0.0,0.0
9314.029171412574,2737.9918929060814,6804.547930376111,4067.355961168358,3.0844137546152526,9.367877385424833,3.9899122899426374,314.2431914925987,2.120626126083594
0.0,3500.0,8100.0,4500.0,3.8968803431942733,14.28213764848411,0.0,0.0,0.0
