thickn,rho,vp,vs,dip,strike,plunge,trend,ani
10662.02393989172,2304.6196587533514,5953.947917887661,3553.347392501175,0.0,0.0,0.0,0.0,0.0
13096.334574884819,2999.9592518383693,7455.2744168111,3362.1790862188354,2.998127082269515,105.34430909875591,23.869010956001016,219.6550507606426,0.6732067878515045
12499.533839623471,2945.6937829573512,6294.657106583782,3847.389001889313,7.472703583586346,286.034356263587,39.98051808345126,121.43866549290391,2.0404734814022425
0.0,3500.0,8100.0,4500.0,3.7683275743557165,52.51498905985224,0.0,0.0,0.0
