thickn,rho,vp,vs,dip,strike,plunge,trend,ani
29559.391191949682,2764.007975035962,6319.210095081175,3657.0061152784483,0.0,0.0,0.0,0.0,0.0
6991.373733393633,2964.4146265411246,6550.106176214653,3750.4092748115213,4.548200291317928,111.8619037960552,34.338470128716224,160.6840243630583,2.8586086448376644
0.0,3500.0,8100.0,4500.0,5.218039404595697,2.142816160502491,0.0,0.0,0.0
