thickn,rho,vp,vs,dip,strike,plunge,trend,ani
28996.898317472136,2758.846131061593,6223.910639847477,3745.287457964301,0.0,0.0,38.48170210791634,218.7749423528466,9.954043961737515
6794.856974422331,2990.881850731693,6834.564625358362,3875.978394179593,7.867675748304169,45.185519865286125,23.834216545412946,12.856378988922444,4.914216208320032
0.0,3500.0,8100.0,4500.0,3.565029388160197,269.20795617751753,28.318027126983957,155.51866962718225,9.668701946224507
