thickn,rho,vp,vs,dip,strike,plunge,trend,ani
38649.797744080584,2877.519452116639,6519.68703781201,4050.870528280631,0.0,0.0,0.0,0.0,0.0
0.0,3500.0,8100.0,4500.0,0.0,0.0,0.0,0.0,0.0
