thickn,rho,vp,vs,dip,strike,plunge,trend,ani
9584.913584968685,1749.7962521358386,6121.524614836817,3289.0150913074554,0.0,0.0,14.946173272609602,288.9874911908439,3.0166673059265925
8935.904944480233,2254.1877513481945,6366.62752952646,3466.0086812970703,7.845329567786593,45.438358667112624,11.396708162987302,103.51193923541811,8.272898404315585
5219.092475571903,2708.0192708071127,6582.215276199076,3452.4793200726544,3.6698256490912256,272.3238686332949,27.929492206422186,220.33987257859917,3.5249635672149795
10629.036864264735,3420.160715377343,7077.931305023985,3291.593993045234,5.646948876860014,125.06993751278061,32.34638566442817,174.94067540604044,3.011790091460119
0.0,3500.0,8100.0,4500.0,1.3733577375508679,334.1983908588666,16.844350963805745,271.6526128893298,3.1625442732030393
