thickn,rho,vp,vs,dip,strike,plunge,trend,ani
8784.664976047892,2002.7304030008613,6053.700786873468,3553.598054465253,0.0,0.0,33.995418779675006,202.88948541686173,6.343897972763932
14351.5023333537,2588.8537354638725,6964.403184945055,3815.2046394951176,4.381644035704234,57.713988863566684,10.300766341004701,271.19240365335776,8.919601671010788
11619.675452295574,3312.602486828942,7688.865320764852,3443.026922067927,6.383624225415156,96.87876484935343,24.584884396756284,139.5970071547546,7.9083172109083035
0.0,3500.0,8100.0,4500.0,2.8368858265516965,230.19259365970896,0.5885159441356009,6.988983616551792,0.7262280901760363
