thickn,rho,vp,vs,dip,strike,plunge,trend,ani
34944.173781176316,2915.8463973331054,7051.4046260832265,3639.4466309071163,0.0,0.0,0.0,0.0,0.0
0.0,3500.0,8100.0,4500.0,0.0,0.0,0.0,0.0,0.0
