index,thickn,rho,vp,vs,dip,strike,plunge,trend,ani
2,13694,2441,6318,3841,0.0,0.0,46.93000296492226,286.2813534272481,5.587797764572652
3,22686,2941,7507,3949,4.139444666426694,208.46003857678755,31.828539824036078,354.95541292537956,4.329993221471753
4,0,2845,8978,4898,3.9094251142502894,326.6257671196591,79.87816040631269,52.09769960634984,4.944754220557528
