index,thickn,rho,vp,vs,dip,strike,plunge,trend,ani
5,13384,2414,6087,3520,0.0,0.0,14.661748733994902,161.160905131932,5.725375279951553
6,12623,2841,7380,3710,5.8051082905294455,349.7644264025218,1.4597406969353646,259.80863295169974,2.526289030374512
7,8887,2952,7935,4115,5.511133667987788,38.39659842861268,45.83705309311306,272.2145206795797,1.84345317558292
8,0,3110,8287,4929,1.5496512783952918,144.6770430333262,44.979658945958654,88.88824234560055,7.593776636421977
