thickn,rho,vp,vs,dip,strike,plunge,trend,ani
9501.663649078631,2424.9643573153307,5997.996075254158,3580.562988493879,0.0,0.0,0.0,0.0,0.0
14871.100625161667,2918.719258246433,6055.455108651129,3505.5879147536293,4.193131552343299,156.092011487293,16.670034637439773,28.63637917768733,6.33566681936572
10561.198169959014,3297.982824230794,7421.649149903735,3416.1985731226187,6.71413838708213,284.9758544968888,14.497295285765922,130.47757943616634,1.2343691292163497
0.0,3500.0,8100.0,4500.0,5.325495742520031,77.65453638703076,0.0,0.0,0.0
