thickn,rho,vp,vs,dip,strike,plunge,trend,ani
40743.08548041792,2848.487815955985,6434.109124151008,3873.4207776664593,0.0,0.0,40.72733956544287,111.05073575073705,6.695037517303697
0.0,3500.0,8100.0,4500.0,2.294023269337357,180.2134287879494,7.821729014938315,188.79773730318448,0.0
