thickn,rho,vp,vs,dip,strike,plunge,trend,ani
14584.36031915214,2608.254359852327,6446.240002842893,3714.0489058921753,0.0,0.0,22.110626137399475,102.8225373110526,3.6950949717668315
26818.321062215513,2912.1211349476675,6922.716506871842,3715.40271188974,4.849602486053912,151.54733292373172,21.210612900838374,127.90274996738562,9.570950952825559
0.0,3500.0,8100.0,4500.0,2.1287928477664915,48.93298633082139,23.018530760851974,254.82783079283791,2.0635066262133934
