thickn,rho,vp,vs,dip,strike,plunge,trend,ani
43111.47255799792,2680.286152089942,6528.802637104792,3973.0654526173403,0.0,0.0,0.0,0.0,0.0
0.0,3500.0,8100.0,4500.0,0.0,0.0,0.0,0.0,0.0
