thickn,rho,vp,vs,dip,strike,plunge,trend,ani
9799.977284361406,2079.7279756437392,6284.368098293871,3440.8665388962454,0.0,0.0,5.610682407385141,195.02533596166523,0.6647466153745487
11903.660782804389,2401.068783360171,6282.525490127835,3680.3983697980284,0.0,165.5707762868863,21.04124734178578,257.14241276684686,4.3164175469203485
13225.128070085444,2979.261530690702,6395.902051524771,3345.586469903399,6.491316336015897,312.3821576589034,19.265323723751315,185.36108726500728,0.27119991523261433
5053.213319572581,3435.1528965099233,7506.58790127813,3506.492664109575,1.808961297521177,231.0284153997395,25.316193060175664,164.3614536684275,4.219004444884014
0.0,3500.0,8100.0,4500.0,5.486838553469217,42.87216575941039,37.02248453858949,236.33981186976487,2.6203364446866635
