thickn,rho,vp,vs,dip,strike,plunge,trend,ani
8619.517089895551,2200.6651963765767,6739.393974307934,3713.847550770671,0.0,0.0,23.93050763591301,206.78718333115867,5.9868336082913505
31888.896875703038,2925.355924055302,5994.370746921003,3765.4904911539106,5.8298221007701,163.39657609969902,10.045009680483204,91.14141447057628,1.4042841077465007
0.0,3500.0,8100.0,4500.0,2.757663020983935,182.2398637674624,33.53239373089322,249.17707945042147,6.709230795501433
