thickn,rho,vp,vs,dip,strike,plunge,trend,ani
8338.743300127913,1759.9002560890183,6068.833025925657,3227.0736949488105,0.0,0.0,0.9224103058481887,270.6105076871075,5.7539739267247105
9347.385538677816,2613.740660619572,6465.747519553377,3678.7624864433355,1.4699300356179164,181.3367017162943,23.2232548979307,73.00501027651814,6.404401372700912
10885.71685307774,2461.387208920501,6651.726265200943,3849.495308776043,3.8760909525717833,219.5379801422534,24.6899371806148,218.89957520958177,6.359641180880243
9995.523435256422,3136.5550365455647,6585.463719264129,3327.037122316774,7.285159062414072,172.0106346546237,21.587063432934865,117.5188160287107,3.8887744980623817
0.0,3500.0,8100.0,4500.0,2.451728165357341,143.10818475499883,13.926471048971848,188.4755770840868,4.847522652994875
