thickn,rho,vp,vs,dip,strike,plunge,trend,ani
7714.115803752031,2289.425799215878,5889.31717046859,3163.2656962974816,0.0,0.0,42.73514140385292,46.75719153466699,4.10010389042896
32294.27465112113,2948.2716414154984,6430.454091691338,3972.8143225759923,5.0929532059676825,208.71872925097387,23.158163641842123,308.0143699065587,7.443586282254798
0.0,3500.0,8100.0,4500.0,6.013012620770183,115.2381893084577,44.64718725214022,45.476131029088066,5.085410486726102
