thickn,rho,vp,vs,dip,strike,plunge,trend,ani
6199.349579523938,2304.00080561009,6182.935475307377,3563.606631672418,0.0,0.0,42.55005517329565,296.7112358134731,3.8546765518878505
12548.679835668994,2975.971941645981,6433.696590274423,3822.0280162952413,4.0554709591139035,174.82319992402427,28.644499284914396,159.86744755133776,6.839821729961992
9803.62838015588,3202.885308174116,7275.772396493523,3893.3814999797373,0.1692614592218291,350.264096154065,11.13198719663856,7.841409630817907,7.254960659083682
0.0,3500.0,8100.0,4500.0,4.9648130339657675,190.88548173338242,23.889518976671276,170.2923520616747,3.376462850527797
