thickn,rho,vp,vs,dip,strike,plunge,trend,ani
42810.50613987107,2981.1663807832747,6279.283238245065,4099.633108046489,0.0,0.0,0.0,0.0,0.0
0.0,3500.0,8100.0,4500.0,0.0,0.0,0.0,0.0,0.0
