thickn,rho,vp,vs,dip,strike,plunge,trend,ani
7721.682728055514,1646.5705928645345,6185.878033227089,2881.313731382953,0.0,0.0,31.629770390605792,208.63607413749298,5.809780006237125
14623.483565088518,2803.1827048273017,6062.334808185568,3821.7922589875925,4.170440297849755,180.94516713722282,19.68963552730781,314.43302251702846,4.247352109582661
14159.910881547376,3154.630146719339,7536.469104753179,3398.572816616075,0.6844487729009638,230.36861965942416,16.186590791672273,278.5957991677853,7.044783478048689
0.0,3500.0,8100.0,4500.0,7.014912429145822,130.2312936490847,7.693804893893454,341.0360477023061,7.614129052364303
