thickn,rho,vp,vs,dip,strike,plunge,trend,ani
44268.168107236794,2519.9407765497394,6421.065597150832,4031.4825353259985,0.0,0.0,14.503110486947689,40.29161068410278,5.893204650123549
0.0,3500.0,8100.0,4500.0,5.620232995326577,194.42778390890098,37.880116146994276,80.3296680778906,0.0
