thickn,rho,vp,vs,dip,strike,plunge,trend,ani
43395.83376018641,2444.8398054320464,6449.48526561813,4047.1783523711374,0.0,0.0,4.139623216180162,133.97348680651314,3.763086686119714
0.0,3500.0,8100.0,4500.0,1.7074811845453226,186.01924810291897,6.425420908962568,274.7314538558162,0.0
