thickn,rho,vp,vs,dip,strike,plunge,trend,ani
10946.696343172176,2011.8126822784352,6122.414138831975,3559.691840456859,0.0,0.0,37.87041053110407,23.140749706069727,7.9166991972577705
14195.334674686404,2588.915022859349,7005.536961752294,3322.6623086485906,3.550540374144117,90.34391531616373,8.404710635318201,235.16047578957708,0.9101352001108562
9678.338759209631,3022.015801272741,7121.771341175287,3424.848262631965,4.169449543316446,240.49865855858673,12.341028818649262,114.14885829474252,2.8397505114108945
0.0,3500.0,8100.0,4500.0,3.9714506650422807,158.92066352351404,17.673721329443925,328.6107911108237,3.4262481018928814
