thickn,rho,vp,vs,dip,strike,plunge,trend,ani
9491.635370177819,2956.9526641813227,6693.14216686431,3836.6219610264448,0.0,0.0,0.0,0.0,0.0
28863.177412088626,2944.717410909555,5964.0227493174425,3765.190753375707,6.204804949686054,218.31462882179935,8.224499841121332,197.79886100640294,1.7481607203478187
0.0,3500.0,8100.0,4500.0,5.976561884904939,159.70192418737804,0.0,0.0,0.0
