thickn,rho,vp,vs,dip,strike,plunge,trend,ani
6510.616563219266,2970.388354859357,6537.717432632632,3808.8116037653745,0.0,0.0,16.732122063263496,33.049737695632075,4.807500869809037
31982.31355263635,2710.848248974622,6028.680120391885,3847.1014222347794,2.930325743911344,140.92249730423288,28.165222579272555,324.8955992560872,3.769671124052948
0.0,3500.0,8100.0,4500.0,7.961738327954564,162.77515938091116,35.54587046157023,132.982575164504,4.196273516621037
