thickn,rho,vp,vs,dip,strike,plunge,trend,ani
38680.73203248673,2969.828990576571,6143.794810434619,3785.9311751388045,0.0,0.0,28.972649987849366,197.36710972047896,4.270236568077453
0.0,3500.0,8100.0,4500.0,6.242266226802447,151.6757940361432,27.991170780168048,151.01556337067476,0.0
