thickn,rho,vp,vs,dip,strike,plunge,trend,ani
39000.76835347173,2965.7705695407353,6497.5895742274015,4073.4015690140277,0.0,0.0,43.311679799041265,276.8556282270729,1.3311156953063619
0.0,3500.0,8100.0,4500.0,5.7112724753023105,65.79037564337611,16.984259297931086,254.0071289850983,0.0
