thickn,rho,vp,vs,dip,strike,plunge,trend,ani
11802.68188455378,2047.0401601311296,5976.727060108602,3527.9230378945867,0.0,0.0,42.73211556213592,332.82170199776783,4.333802495110151
8115.6725173703335,2859.2280320345653,6662.197057467911,3628.118077096432,4.48176690211643,56.1618274327716,30.682001100110313,51.304969599722284,0.5282631352784382
7552.687746041584,3192.3999996305747,7809.35910566698,3905.1130552803497,3.052202739568865,183.03775486272872,36.73659587024751,138.1163158509093,8.103630041531192
0.0,3500.0,8100.0,4500.0,2.0403594150345423,18.184255570351837,22.550517635837526,48.9653916530566,3.3249001833775416
