thickn,rho,vp,vs,dip,strike,plunge,trend,ani
34035.06544461931,2870.9181079679925,6883.311466177469,4059.0029838602786,0.0,0.0,0.0,0.0,0.0
0.0,3500.0,8100.0,4500.0,0.0,0.0,0.0,0.0,0.0
