thickn,rho,vp,vs,dip,strike,plunge,trend,ani
7417.485459513093,2247.077084227637,5963.76458398049,3809.718402381478,0.0,0.0,0.0,0.0,0.0
26191.924505598647,2806.7612618437397,7006.522231547906,4056.826667226892,0.0,0.0,0.0,0.0,0.0
0.0,3500.0,8100.0,4500.0,0.0,0.0,0.0,0.0,0.0
