thickn,rho,vp,vs,dip,strike,plunge,trend,ani
6993.789164104485,1926.7719672604883,6109.915615680396,3447.662681546118,0.0,0.0,29.40867360447556,109.72324100951886,8.709647074338069
5731.132485392037,2788.534067409104,6967.978105435551,3530.539007199392,7.586479054701547,204.59445883222133,33.21228020138301,222.51175086430314,1.5933190124132106
11719.952494035779,2997.7223656255906,6621.192903552066,3293.2299281118217,5.608978708687233,81.89277833192031,10.009616962138805,206.41793433626725,7.280457793029067
5047.100575097026,3695.2330871659105,6411.882214088872,3517.8052098722114,4.433607305193492,105.29657786394158,21.1820526447137,38.72899524975989,2.668836279028631
0.0,3500.0,8100.0,4500.0,3.487527828178205,170.84819750005917,41.53469297961234,200.65541681717983,6.245841331185612
