thickn,rho,vp,vs,dip,strike,plunge,trend,ani
32171.771048160987,2910.1973067383155,6177.17390844628,3911.800581150644,0.0,0.0,0.0,0.0,0.0
0.0,3500.0,8100.0,4500.0,0.0,0.0,0.0,0.0,0.0
