thickn,rho,vp,vs,dip,strike,plunge,trend,ani
8238.38856732893,2639.304626105888,6281.971970788376,3604.5654555602882,0.0,0.0,26.004709470037387,21.834555383323845,2.329778212011645
25452.59923628799,2831.8911996174224,7479.632100156232,3869.391808199758,5.625944940432359,218.70452006059944,5.823009035424054,234.5890646876508,6.437432042791615
0.0,3500.0,8100.0,4500.0,6.354844093891382,69.11912477384149,20.510392497127707,22.188608356050366,3.0018419056349948
