thickn,rho,vp,vs,dip,strike,plunge,trend,ani
30635.59001351097,2986.324466386048,6717.060041481277,3826.183651210444,0.0,0.0,32.35679957171117,174.07033806238792,5.805509851712529
0.0,3500.0,8100.0,4500.0,7.797406679925949,58.67695913137511,3.206198030934157,216.79684906393214,0.0
