thickn,rho,vp,vs,dip,strike,plunge,trend,ani
6779.961987037292,1874.03639719628,5822.020306321599,3454.2531279413743,0.0,0.0,5.793790950045356,288.1528608649907,8.517825383711621
7103.339512847127,2830.419025171472,6790.067076473398,3714.7563699057296,4.794699551631618,202.8142974030562,7.589320153500937,4.854774335335179,9.696454166346058
11111.408503003497,3427.6251041629585,7664.858602818633,3317.2363293165135,6.505002784111195,136.69858979945002,39.55749597005132,183.92461418759254,9.95244056787944
0.0,3500.0,8100.0,4500.0,0.11391547587553645,289.1027585543689,35.89002136540186,340.14165144828723,7.4411802770563735
