thickn,rho,vp,vs,dip,strike,plunge,trend,ani
13983.851002563571,2445.1915631841257,6063.520899852016,3555.16014674744,0.0,0.0,0.0,0.0,0.0
12170.978974677779,2997.4964105537297,7421.790317042538,3186.595908817233,7.193182085536613,42.09780595346081,25.77470763824313,144.50603370276266,5.392496039916605
13211.157756354598,2851.2915094592627,7293.599297761143,3906.4480404561637,1.5472867798056278,153.30019335962226,33.649056243187104,222.3305236229615,0.8363697508927239
0.0,3500.0,8100.0,4500.0,2.552891767933196,18.85000627503055,0.0,0.0,0.0
