thickn,rho,vp,vs,dip,strike,plunge,trend,ani
42946.497880362105,2661.9794176015257,6947.095413585628,3952.388417224348,0.0,0.0,11.637832347216928,156.0328433013148,0.9037659746805113
0.0,3500.0,8100.0,4500.0,0.2345862581091538,22.619992309540606,22.98387455379353,172.48344543985183,0.0
