thickn,rho,vp,vs,dip,strike,plunge,trend,ani
5525.492548076801,1863.9052022381236,5968.051437973395,3145.8701246391443,0.0,0.0,27.263143691492377,18.217425851171924,9.69841560241775
7753.561374155133,2164.027695806562,6168.257978032567,3513.7082886040575,3.288026619995477,118.44749198219381,11.073003438606799,63.17409063419626,0.6480714019328131
13376.703643249672,2857.2604446194096,6098.5883413323945,3433.85253487428,0.0,359.66931717386717,42.6920153697218,238.3530336118733,6.152267600945547
10032.108988387869,3206.401881173151,7625.5552708536225,3515.1952234222053,2.851070975810406,125.18087729131588,32.21311223060088,351.5288555657181,1.2540086980807983
0.0,3500.0,8100.0,4500.0,0.4237034361107499,319.6432770041147,20.018428632351576,33.356527571220454,2.454186626589169
