thickn,rho,vp,vs,dip,strike,plunge,trend,ani
16108.479761500868,2525.8932648837927,6567.515187100792,3703.0936008626063,0.0,0.0,0.0,0.0,0.0
25488.637733630527,2984.454915703839,6642.949079249787,3981.4251257938226,2.965521344883509,54.31610852840153,13.86517571063933,119.96791667578414,5.41258501704241
0.0,3500.0,8100.0,4500.0,5.933233610691479,289.0980306700854,0.0,0.0,0.0
