thickn,rho,vp,vs,dip,strike,plunge,trend,ani
14579.949266934924,1785.3604674776873,6107.736716329255,3519.6494948397326,0.0,0.0,9.608900023122962,39.97824053018573,7.363443929779297
13391.772833897505,2566.508290067539,6411.361855454778,3984.0268639964297,0.5717781270287823,271.4215700722964,7.331588244343331,180.90007750515173,3.531812473369213
8491.953997842274,3390.879811009679,7084.856689467864,3908.581266701919,7.49899789077436,146.55861759806012,11.50244622974124,31.398630632426347,7.086523460823165
0.0,3500.0,8100.0,4500.0,7.004694413604454,138.02465587915117,32.00605462883295,189.24092211955752,7.211281311572009
