thickn,rho,vp,vs,dip,strike,plunge,trend,ani
44923.70611728268,2990.4766052954315,7156.420963057628,4027.852082270363,0.0,0.0,30.810704920949803,134.52878393763632,2.304460402534197
0.0,3500.0,8100.0,4500.0,7.1099050906423304,321.59612921168844,0.0,0.0,0.0
