thickn,rho,vp,vs,dip,strike,plunge,trend,ani
14649.80993967926,2482.0153415032014,5982.461442663848,3512.3141579512467,0.0,0.0,0.0,0.0,0.0
27682.231969957866,2980.8079497915096,7326.79182458223,4016.2874877221084,0.6667094133821161,208.44765676946093,25.583714123137508,138.52787825573282,4.238499958718075
0.0,3500.0,8100.0,4500.0,4.203309997335031,333.42885864669415,0.0,0.0,0.0
