index,thickn,rho,vp,vs,dip,strike,plunge,trend,ani
9,7176,2248,5917,3363,0.0,0.0,0.0,0.0,0.0
10,13760,2609,6255,3751,2.4804701970056895,139.49158870281406,0.0,0.0,0.0
11,13677,2597,6881,3807,5.053402066354726,336.18570261682623,0.0,0.0,0.0
12,5395,2782,6884,4140,2.1227096391406226,134.28178932832066,0.0,0.0,0.0
13,0,3132,8701,4685,4.912702655515141,198.76477163259568,0.0,0.0,0.0
