thickn,rho,vp,vs,dip,strike,plunge,trend,ani
41447.88833795948,2924.226124081605,6849.199867793137,3998.1375274118845,0.0,0.0,0.0,0.0,0.0
0.0,3500.0,8100.0,4500.0,0.0,0.0,0.0,0.0,0.0
