thickn,rho,vp,vs,dip,strike,plunge,trend,ani
38516.5024257285,2711.8358683798633,6442.778992745045,4096.365383199992,0.0,0.0,33.32210989387093,161.42077443605442,6.755405027421329
0.0,3500.0,8100.0,4500.0,5.661999552901001,116.93549590888824,30.12291181747406,31.348487711605628,0.0
