thickn,rho,vp,vs,dip,strike,plunge,trend,ani
7553.088347754292,2072.7903751197614,5998.983043423361,3520.41342227733,0.0,0.0,0.0,0.0,0.0
13376.188917142488,2936.032201503326,6327.108031601778,3967.204060381769,4.301738667524972,246.1893064927306,5.460533680392537,221.02588346122855,7.469873309899418
14240.038968063463,3243.346929496047,6224.356277074585,3203.122805669526,6.006631524423824,167.86150940129704,11.207816161635296,165.8403167335147,2.8077990141601585
0.0,3500.0,8100.0,4500.0,2.5353750283614156,184.36740391449172,0.0,0.0,0.0
