thickn,rho,vp,vs,dip,strike,plunge,trend,ani
36234.41638449356,2214.9552492896687,6401.699149312658,3721.038634241858,0.0,0.0,28.768863584249377,181.6458549667772,9.50226878510792
0.0,3500.0,8100.0,4500.0,0.9939641088978955,136.50725436902948,33.28788490337591,174.93422165645654,0.0
