thickn,rho,vp,vs,dip,strike,plunge,trend,ani
9473.307440466537,2479.3668791694745,5867.908976628961,3551.7655577445994,0.0,0.0,0.0,0.0,0.0
13742.051681107563,2939.3024551011354,7078.771861038614,3867.795721441014,4.356763785256677,92.77444396484883,17.704057008040046,39.704758804037,2.3052309039133903
14408.400531212215,3098.4570812409997,6310.225337328314,3677.9305799615076,5.558341839349722,276.538100787145,27.221174335086175,120.38197525928169,1.264517278120651
0.0,3500.0,8100.0,4500.0,2.5145459018588285,41.07163630659923,0.0,0.0,0.0
