index,thickn,rho,vp,vs,dip,strike,plunge,trend,ani
9,11951,2467,6305,3368,0.0,0.0,45.71983526428408,87.17418351309034,1.7446814462742883
10,6250,2451,6425,3760,1.2014440084895168,348.99165522206664,35.40928912029584,329.73410878565295,4.446308336277758
11,7696,2952,6722,3716,5.953726450970642,336.86939110419956,21.175365630322336,72.50541786427551,2.7097441216326437
12,11255,3206,7974,4199,2.0187279830466096,193.85565913330458,42.62748041168741,217.29148409174445,8.38689899419207
13,0,3830,8853,4958,3.4954759003250375,13.001780810507341,52.798539690836726,236.31490933274415,4.159308458425299
