thickn,rho,vp,vs,dip,strike,plunge,trend,ani
37021.38776171015,2995.980487573676,6063.887127795648,3673.5292369310846,0.0,0.0,43.38373961926367,201.83239044189514,0.6238218370226392
0.0,3500.0,8100.0,4500.0,5.349900169566797,150.61223510181475,0.0,0.0,0.0
