thickn,rho,vp,vs,dip,strike,plunge,trend,ani
8577.868366664585,2208.430200482861,5976.960437646878,3350.9847184280807,0.0,0.0,0.0,0.0,0.0
11490.378787845246,2820.8863304225533,6923.262453375972,3919.042189660733,5.6157541432441676,333.40058799167093,2.077508087893147,90.31147547572174,4.854034773980247
14234.824445727721,3066.085565434814,6602.477128631064,3253.1798198096694,2.067576295939772,299.8221963598978,7.678165674107968,133.73781538306457,2.027877138136824
0.0,3500.0,8100.0,4500.0,5.389085327442787,347.89954356670364,0.0,0.0,0.0
