thickn,rho,vp,vs,dip,strike,plunge,trend,ani
13057.174723917902,2406.5492469577657,5962.155887403128,3572.0295088869816,0.0,0.0,0.0,0.0,0.0
8379.095059734878,2674.3323011247976,6729.145209248056,3727.5034566148834,7.390306787558716,116.48095762041541,17.5842366085896,123.84400013897192,4.09399914695542
14970.549704194611,3347.566438049873,6238.053126360267,3625.84554241456,7.225326974249646,337.6958959402356,20.91736111013565,165.59781544240514,0.3537728156798545
0.0,3500.0,8100.0,4500.0,1.6574515372026721,313.25671057141216,0.0,0.0,0.0
