thickn,rho,vp,vs,dip,strike,plunge,trend,ani
32403.442183049207,2860.914871640127,6107.317911780128,3824.3337032840736,0.0,0.0,0.0,0.0,0.0
5309.376982500195,2911.242778782318,6454.595446565506,3926.3759876986906,6.879389980392543,193.47281477033744,21.87214385783531,318.49677199905153,0.17783497239931334
0.0,3500.0,8100.0,4500.0,1.4676712507371203,32.22410183165519,0.0,0.0,0.0
