thickn,rho,vp,vs,dip,strike,plunge,trend,ani
38415.53276605692,2860.0367718387843,6175.694442278297,3816.168954595462,0.0,0.0,0.0,0.0,0.0
0.0,3500.0,8100.0,4500.0,0.0,0.0,0.0,0.0,0.0
