thickn,rho,vp,vs,dip,strike,plunge,trend,ani
23247.598828581347,2415.882087644956,6049.1869592025605,3500.5230378542933,0.0,0.0,18.069142334911405,63.72335319560844,0.6012438910258586
14492.330358069654,2905.2817445911237,7048.584683181895,3556.7539159425273,3.909069765866004,186.7985279658229,25.43469185518186,341.75282991779676,9.812212027421552
0.0,3500.0,8100.0,4500.0,4.956425653300196,349.2050552558909,31.130649159209156,72.98548697404945,8.700825621840098
