thickn,rho,vp,vs,dip,strike,plunge,trend,ani
42626.16310266009,2975.2224296747763,6837.923140666601,3892.899557851389,0.0,0.0,34.49933828082929,65.62734973609017,9.4928224722371
0.0,3500.0,8100.0,4500.0,7.971786281653116,6.760862333874655,6.205897525235052,165.43123126108608,0.0
