thickn,rho,vp,vs,dip,strike,plunge,trend,ani
12741.4924059874,2376.2176601723654,6138.532738216546,3419.904583727779,0.0,0.0,24.251401984902344,144.97827206999756,0.848099755915551
10073.81800335938,2491.4290485410975,6664.971361804522,3196.5012112799386,2.414236509448828,118.49626158606894,25.76149638361818,118.31215400018988,5.917241176115919
12904.542333344638,3422.3202423469775,7073.99718813756,3738.1689493797167,1.828552686369847,73.31782032242276,21.207630210482193,179.64609547477338,8.882748798219037
0.0,3500.0,8100.0,4500.0,1.1441793248609269,281.5327647020504,12.255876495868861,51.1110757835728,7.4225416628784355
