thickn,rho,vp,vs,dip,strike,plunge,trend,ani
5442.6668721268115,2014.332868516619,5899.990390634799,3313.004494136691,0.0,0.0,28.037595625621314,34.696385013727706,6.8132235272367145
6228.167387274207,2266.397747489365,6466.323537827979,3531.385151946352,5.774177639339887,266.6341097968906,20.137311267914743,64.07988235626246,7.961321278024718
10752.340946633172,2788.7677431313473,6144.561746871253,3271.089022931433,5.957853426851096,113.20500262912601,31.575852889998977,59.95660136320889,8.801546059554878
9962.605396078412,3310.066163549352,7492.201026080395,3587.3699974400483,1.2440262560602768,87.0864554118425,33.872045465452274,307.2074298173423,8.623117284108176
0.0,3500.0,8100.0,4500.0,0.24932740116958207,247.12430702529252,20.51678774609401,159.82516343470894,0.9043742875266298
