thickn,rho,vp,vs,dip,strike,plunge,trend,ani
39926.01188460522,2998.347239286084,6371.91965558763,4074.1978422853563,0.0,0.0,29.065949393564768,57.47101973316266,6.495127450472248
0.0,3500.0,8100.0,4500.0,0.6306145902378031,109.72228563265232,0.0,0.0,0.0
