thickn,rho,vp,vs,dip,strike,plunge,trend,ani
8684.07817437394,2172.0536060525105,5929.3570769967855,3556.0722209194364,0.0,0.0,0.0,0.0,0.0
14914.599756368323,2903.589697502976,6978.132328879785,3909.8854971404835,2.7987535868228113,90.48095546726374,11.540081594701949,35.43907496749364,3.960646343869222
11440.864533884349,3216.0378644548236,6529.952001621888,3238.8547358716155,4.3891361908690385,75.03087051055857,19.239761462642758,315.63749022296145,4.543854259756275
0.0,3500.0,8100.0,4500.0,0.9999931191540896,105.75271172567018,0.0,0.0,0.0
