thickn,rho,vp,vs,dip,strike,plunge,trend,ani
8082.873587985718,2041.7228306197596,5937.891433520893,3540.5733452962845,0.0,0.0,0.0,0.0,0.0
14597.113593242397,2972.742886487158,7227.588341314815,3094.0748331775885,3.3112842293354374,28.76760317563432,10.473864581888224,73.53822391593738,1.222070144132438
8992.382792557637,3384.654625647037,6863.1173181786,3308.48417982069,7.2665628354407135,277.41138848226706,28.667216756564425,196.20904620079298,2.5949980125594077
0.0,3500.0,8100.0,4500.0,1.8056183118517013,80.86782133374703,0.0,0.0,0.0
