thickn,rho,vp,vs,dip,strike,plunge,trend,ani
36689.97221853809,2985.3858351289114,6363.546257440514,4081.8927305504467,0.0,0.0,25.180989105519252,186.17587820725973,1.7964011276067051
0.0,3500.0,8100.0,4500.0,0.27409783645568664,65.20095967383017,9.132366287637774,172.41152782861826,0.0
