thickn,rho,vp,vs,dip,strike,plunge,trend,ani
10551.851224831567,2210.827221846554,6086.839558387859,3346.504670976623,0.0,0.0,19.251148698874154,283.64993367330874,0.8210132540884558
12930.443960573803,2829.942850320881,7358.527291540691,3880.4269789133427,5.684782626222305,72.1976772896237,38.68750557058878,314.8960662363924,1.5351566490517694
13751.352510252465,3245.629810490293,7988.523369606358,3668.3010393584946,4.028930781472797,48.51817981169401,37.33682098439688,229.74093287731893,3.468691041661654
0.0,3500.0,8100.0,4500.0,0.6064372889815539,190.86442352980615,40.00099520603699,280.8384804793617,3.788968373041219
