thickn,rho,vp,vs,dip,strike,plunge,trend,ani
9174.061212696934,2262.686239943786,6089.976645597295,3331.7479632627906,0.0,0.0,19.326196487884562,238.45845059557666,3.957833075583194
11587.273758037201,2421.7066997161523,6784.6187564135025,3386.6407110964687,3.194220859207156,104.5031156205018,17.762676911668677,294.55080835144116,5.049649124423943
8959.478585638077,2847.48581780322,6572.626405565785,3396.2406569051573,2.2714329873707273,36.14080170583571,10.530475436005961,95.51130909701168,4.924198804969046
7254.344110881995,2985.8749435761547,7375.201175185215,3941.45053049174,4.322594338820105,75.31766967232888,23.321181141646854,313.1998207820064,4.384922373781486
0.0,3500.0,8100.0,4500.0,4.035880612316223,54.23066661843089,14.639273365041408,145.4277868633426,8.11751702553038
