thickn,rho,vp,vs,dip,strike,plunge,trend,ani
8013.006888564876,2172.152198919837,5808.7506149843,3775.056972793864,0.0,0.0,0.0,0.0,0.0
34661.76077918619,2992.0536048584554,6347.1620276304975,3876.586237662244,7.921012796428533,130.16383296005912,30.03849167949517,275.5898963946183,6.133725271973638
0.0,3500.0,8100.0,4500.0,5.9204120157083455,233.9778098869416,0.0,0.0,0.0
