thickn,rho,vp,vs,dip,strike,plunge,trend,ani
40436.172418522416,2934.383912232027,6272.881048989553,4087.9271801840778,0.0,0.0,0.0,0.0,0.0
0.0,3500.0,8100.0,4500.0,0.0,0.0,0.0,0.0,0.0
