thickn,rho,vp,vs,dip,strike,plunge,trend,ani
14231.59985398464,2398.214356397458,5875.234238931214,3517.406122712395,0.0,0.0,28.89354277662855,193.8047550271852,9.546204977117362
10374.979563233976,2772.6075730663,6694.287751644479,3685.2456814735706,6.657487170836403,218.51643320834765,9.121610017083947,308.6618558004285,5.446365643490899
6801.705600991347,2972.46788199041,7041.862613487682,3639.8230067071972,2.8960363956577986,300.5646429304022,7.993075100423475,312.75840137626415,7.049024942605145
0.0,3500.0,8100.0,4500.0,0.9419046871034641,201.3256412753325,31.716573155305497,168.4661054778426,4.284399597475866
