thickn,rho,vp,vs,dip,strike,plunge,trend,ani
32832.16192816612,2901.7351333380952,6284.825872140007,3864.4719563716935,0.0,0.0,15.857890249307118,169.9339487713937,5.16611170975538
0.0,3500.0,8100.0,4500.0,7.879079207294202,261.76589225757886,40.11994720993761,47.89931049465136,0.0
