index,thickn,rho,vp,vs,dip,strike,plunge,trend,ani
0,38483,2011,7086,4452,0.0,0.0,5.60774593210809,132.04936876489106,7.094140944174081
1,0,2539,8171,4827,4.591198085237315,224.3370812184093,77.5093423875579,186.9831383531082,4.254670170370235
