index,thickn,rho,vp,vs,dip,strike,plunge,trend,ani
14,6017,2385,5933,3416,0.0,0.0,85.06796596195296,51.27260562169396,3.0771908822475265
15,12853,2419,6321,3594,5.144417895239874,135.16551758678534,37.141991015931836,56.11165507881814,5.454201562088271
16,6597,2816,6867,3387,4.923199953981615,66.04564099910543,70.60961400089943,22.28904555223789,6.669731019851874
17,7498,2772,6231,4036,6.05495361441644,102.7017369761755,41.95828546093017,309.04450191294256,7.412652485593087
18,12078,3625,7988,4441,5.2753943134533055,297.215854539009,65.90981383031526,9.461152688550193,2.0088617142269687
19,0,3795,8459,5150,5.684641719590647,109.68112496798311,6.562106734280741,259.56236379289163,5.7431201883527745
