thickn,rho,vp,vs,dip,strike,plunge,trend,ani
41003.32119064516,2522.333155163084,7255.38307458963,4035.5780832984465,0.0,0.0,0.0,0.0,0.0
0.0,3500.0,8100.0,4500.0,0.0,0.0,0.0,0.0,0.0
