index,thickn,rho,vp,vs,dip,strike,plunge,trend,ani
5,7485,2418,5869,3554,0.0,0.0,20.535286691944677,122.20078479503074,8.74139830172368
6,11094,2618,7360,3923,1.112379422465365,115.23993614224129,88.7315975829389,284.0575560661876,4.489066243525213
7,11845,3305,7920,4246,4.982883861327189,39.50383384257141,43.34191084843667,27.364528171484967,5.190253646318864
8,0,3277,8228,5036,4.093775754805722,199.86988110773547,11.744522193443984,299.5034344522825,4.536400003470107
