thickn,rho,vp,vs,dip,strike,plunge,trend,ani
37067.55877559213,2638.968503396064,7498.927715250704,4092.7111951759302,0.0,0.0,20.86489738169865,324.05962064199895,0.6892327986578959
0.0,3500.0,8100.0,4500.0,2.139636403092125,319.07877081029204,34.2234252929485,120.22614141135338,0.0
