thickn,rho,vp,vs,dip,strike,plunge,trend,ani
10655.150421142122,2907.8508692790497,6558.977256682108,3800.271420166496,0.0,0.0,25.564807423056912,196.76687195106237,5.042960871509969
27521.1240223253,2983.837432028065,7401.322556377057,3888.7900441931147,4.872544804367967,58.688764486257696,25.918905627552398,125.4898912135977,5.4090699998432425
0.0,3500.0,8100.0,4500.0,0.4200229537510079,244.42544040128328,1.260486031710137,272.3008169001098,8.522410554303328
