thickn,rho,vp,vs,dip,strike,plunge,trend,ani
35764.60898095423,2966.718540980247,6387.295957486509,4076.8450499473965,0.0,0.0,43.1498925009059,342.3618187802841,6.3216764785497
0.0,3500.0,8100.0,4500.0,1.3014032738909065,69.76404012570374,43.49751652558821,222.35017909165174,0.0
