thickn,rho,vp,vs,dip,strike,plunge,trend,ani
11625.46444314608,2481.900525044679,6127.724535822401,3517.87956158059,0.0,0.0,11.475450775095805,74.94038387171368,9.653883008455924
11786.721717004011,2911.862562549848,7034.694697006815,3731.1062644768162,2.4795107844893023,93.59738806556543,7.877038994137184,281.9217022266576,0.28494712083924423
13570.870178319083,2826.205880182522,7885.509534293364,4073.649932536406,4.064594268863601,61.51516664275684,13.625223414106744,197.43133893085786,7.6228513067724615
0.0,3500.0,8100.0,4500.0,5.634946583219573,65.4079375887566,7.071910168157073,215.93602674814883,0.5414191305831242
