thickn,rho,vp,vs,dip,strike,plunge,trend,ani
9570.2909991242,1842.1670431678613,5891.592799594373,3507.3592374930445,0.0,0.0,0.0,0.0,0.0
14216.215230736027,2982.834160781925,7409.214540091589,3551.992641865194,2.1532971258939146,64.75598224301152,0.7111965847499491,39.33130951306532,1.7495832586481432
11409.44425451989,3384.8557406380382,6184.1956828054335,3348.9805724165562,5.429104703000508,296.6558148928151,15.797103623478804,119.24102324740282,0.5348625560685418
0.0,3500.0,8100.0,4500.0,2.4140533232156995,48.617738582307794,0.0,0.0,0.0
