thickn,rho,vp,vs,dip,strike,plunge,trend,ani
35982.72020193346,2575.9732840164183,7353.517015485195,3987.935962048511,0.0,0.0,3.1933676346642352,43.776962990704355,8.8337458885131
0.0,3500.0,8100.0,4500.0,3.65597735437372,356.88877002038555,32.23048751916436,250.3716220707647,0.0
