thickn,rho,vp,vs,dip,strike,plunge,trend,ani
11687.286142352585,2284.1190050104183,6187.651059120083,3595.259797114647,0.0,0.0,0.0,0.0,0.0
6586.133689366888,2961.5978754449916,7044.789554737881,3709.159711685516,6.876710248526923,160.95063935513144,11.447637323350827,203.0267280340544,2.202447972296728
13728.977072067068,3285.012571491914,6254.071638768906,3720.177786871658,5.04743304918257,339.6778034178859,34.10257928532483,123.90970627464193,2.691049645124359
0.0,3500.0,8100.0,4500.0,7.199611538885135,37.28503329630024,0.0,0.0,0.0
