index,thickn,rho,vp,vs,dip,strike,plunge,trend,ani
2,13256,2210,5894,3775,0.0,0.0,0.0,0.0,0.0
3,24524,2753,6842,4073,4.887192250140405,130.96170974260912,0.0,0.0,0.0
4,0,3122,8457,4768,6.157260371627944,106.98508356922981,0.0,0.0,0.0
