thickn,rho,vp,vs,dip,strike,plunge,trend,ani
31508.288838292166,2970.029517061957,6353.794492631878,4023.807675193844,0.0,0.0,27.52834038265257,195.92729636256203,0.8384455571925624
0.0,3500.0,8100.0,4500.0,0.47100444843240924,143.52100529085908,0.0,0.0,0.0
