index,thickn,rho,vp,vs,dip,strike,plunge,trend,ani
5,12156,2447,6019,3595,0.0,0.0,83.56660845018786,355.5176193930959,3.127290655266119
6,14679,2883,7201,3583,1.6015689665494528,225.21532482654825,51.18017450000705,128.2777434586024,5.634102955227286
7,9366,3018,7521,4227,4.110637069587354,273.3855414423714,82.4086587401047,318.2840467057436,8.382419810945619
8,0,3364,7956,4847,5.2420538815274265,300.6723632973368,73.88346686686263,33.947504827946496,3.20248007873256
