index,thickn,rho,vp,vs,dip,strike,plunge,trend,ani
0,38755,2185,6793,3896,0.0,0.0,56.712163551678515,81.10689064441159,1.9006678822620466
1,0,2260,8312,5839,0.8882309284022448,120.90984088723539,79.85770558478698,249.42165404526,7.08004749021581
