thickn,rho,vp,vs,dip,strike,plunge,trend,ani
30761.976282827814,2612.9818194786785,6787.2913961334825,3459.3859885766165,0.0,0.0,0.0,0.0,0.0
0.0,3500.0,8100.0,4500.0,0.0,0.0,0.0,0.0,0.0
