thickn,rho,vp,vs,dip,strike,plunge,trend,ani
9703.91045948432,2041.0831217437837,6061.014940706579,2904.8770974075587,0.0,0.0,24.122635608087407,325.71536196810655,2.2475253304387954
8530.898509185967,2572.1089755368776,7387.336265490256,3768.6328548891806,6.732975574205431,233.44724175522035,17.21411027213134,47.994631726168336,4.557182286978712
11955.50473914788,3036.9776508803047,7639.836329599805,3326.2594718655682,3.6151732804689276,211.50665635184743,22.007647718686204,65.73726220055599,5.174000424784469
0.0,3500.0,8100.0,4500.0,2.185398540231861,266.73641776128915,18.841074051675598,49.43715821693789,9.229204401128436
