thickn,rho,vp,vs,dip,strike,plunge,trend,ani
5356.389443322292,2974.25309225188,6413.019741828223,3721.2984891808424,0.0,0.0,20.50699466760927,9.732162730400688,5.999592030361391
8160.4277986241905,2023.6079527953818,7226.349176862029,3948.736089434907,7.020238430568662,227.35735825728563,13.97543874674989,36.72289089086664,9.682414583863341
0.0,3500.0,8100.0,4500.0,0.4075879268186364,193.8165714031264,15.322513771394876,56.57416158764275,1.9760093948801982
