thickn,rho,vp,vs,dip,strike,plunge,trend,ani
30941.413654586893,2901.9751805226097,6439.742725417724,3246.0476629620466,0.0,0.0,14.72632366364915,156.42788823866465,3.377126105962855
0.0,3500.0,8100.0,4500.0,5.825009572799236,358.95228894139507,24.841011490800824,314.5806705271782,0.0
