thickn,rho,vp,vs,dip,strike,plunge,trend,ani
10518.465926295285,2300.9944146273037,6335.69171734269,3313.5119330848775,0.0,0.0,18.036753658299432,109.35957555408223,4.886854113266259
6094.20303715752,2626.9125154167236,6767.8221306699725,3437.4460567742826,4.10294532925865,239.75553152317656,9.593415081171777,271.4933079806626,2.6003716820867107
11000.688064526783,2317.9574027233866,6476.380880312109,3543.4643052656374,0.7028980511015668,326.16790228826574,7.733548457242323,267.6668058937545,6.3813763735619204
5403.635055575599,3181.861113330753,7762.013418637473,3398.732302511944,7.147861003128634,237.5790337886951,26.68159663251073,33.77422050421663,9.689320935017829
0.0,3500.0,8100.0,4500.0,1.2282269418178684,5.254784936407134,14.824025661511543,76.00358585757967,2.6687904689820687
