index,thickn,rho,vp,vs,dip,strike,plunge,trend,ani
9,14839,2455,6332,3453,0.0,0.0,51.06654789967704,282.8867612377289,6.263442207982208
10,8644,2512,5933,3785,3.9605981258377208,50.6438077349784,47.603572912307776,141.25818794683576,6.9216918810917765
11,11659,2682,6627,3775,4.204066916080629,267.2995338706218,20.122957437827807,291.8023953127123,6.907904007862277
12,10820,3065,7872,4454,2.879627211380984,5.544070580122412,49.238451556706046,144.9761515103506,5.2026615823833975
13,0,3276,8787,4308,3.418833453579661,20.200971573888822,52.98185646930276,315.5935630700126,6.708057194129741
