index,thickn,rho,vp,vs,dip,strike,plunge,trend,ani
14,8869,2075,6082,3511,0.0,0.0,77.89601275403952,40.6692468692348,8.173437402150771
15,6227,2163,6385,3844,6.952464161202764,316.25644239245077,1.4455416006543536,36.02163594577088,1.6379916254571505
16,12474,2590,6569,3536,1.8345135200294647,36.15645557789232,26.472785090934284,178.99797972742087,5.413715466667351
17,7816,2689,6266,3577,4.044247354422445,240.08742612339213,30.76751559387882,141.1497789517443,8.303119638095806
18,10956,3254,7797,4253,1.1618315300882702,279.4659302010506,71.31472151125838,1.6572176136365477,2.5435970588705774
19,0,3077,8432,4160,3.794636740148163,318.412624588706,29.869152501411097,295.6134121674491,2.995917744806719
