thickn,rho,vp,vs,dip,strike,plunge,trend,ani
28877.030194638697,2815.554627899849,5858.7260724669095,3504.8774063839373,0.0,0.0,30.619177752581614,133.87211325130147,0.5842518892970165
5515.47892167707,2906.4155117245,7279.107947168513,3952.367888128834,3.8579297174452103,22.22669128251789,26.54729069415006,158.19177910620132,0.2529166141671704
0.0,3500.0,8100.0,4500.0,5.16129344444774,107.69573287339617,36.71106214132118,356.549207695306,4.390923932788571
