thickn,rho,vp,vs,dip,strike,plunge,trend,ani
8063.936957751581,1873.8801429384873,6064.212052694054,3481.390304654814,0.0,0.0,26.380761202428534,287.2238912916878,0.6119296028689316
6631.174760082316,2578.985217156555,6980.839340962922,3407.2759262607997,5.949255992154023,318.98418691727386,36.437903235329344,316.5237945838907,3.4063676584103497
11893.13951642269,2508.444423300958,6925.295724780345,3647.9381319302756,3.6672525134758613,225.90293445553112,14.759123775719141,115.00350985545559,7.662234202597981
8075.837477149475,2856.710284471949,6701.440656771872,3654.1642871078466,5.851827306989187,298.8546703299128,15.010758040404063,88.75208636476951,0.3006635751882065
0.0,3500.0,8100.0,4500.0,1.0610692560668435,17.14539428907119,22.461297665818837,107.53614230854896,1.7646137147946162
