thickn,rho,vp,vs,dip,strike,plunge,trend,ani
7998.768841992366,1682.3797094371407,6090.747409756095,3360.3361489751073,0.0,0.0,39.33465266955794,130.760979956318,5.639967889576685
13556.921087761126,2679.9197622305333,7073.2415225303,3605.481677406697,6.687004692894105,302.8297867993865,24.61349219288694,55.12702314158581,2.179484356278315
12285.675605412962,2900.320711215594,7107.052553760786,3357.0038779199012,6.2115079565525875,191.59607410947922,14.852573573959038,162.295042459964,6.144280374493994
0.0,3500.0,8100.0,4500.0,1.812168413130459,60.13291583934641,12.63380424099206,27.134005382334408,8.782167819185851
