thickn,rho,vp,vs,dip,strike,plunge,trend,ani
36817.675387553,2785.605253535203,6146.0658904608445,3800.6289529381124,0.0,0.0,0.0,0.0,0.0
0.0,3500.0,8100.0,4500.0,0.0,0.0,0.0,0.0,0.0
