thickn,rho,vp,vs,dip,strike,plunge,trend,ani
32344.02251040158,2926.108844072611,6181.810203000903,4090.2788377911957,0.0,0.0,43.70353134362763,7.814180716741188,7.3599510514049005
0.0,3500.0,8100.0,4500.0,7.992233943786057,218.17981686994165,30.54453174098042,319.68994315266684,0.0
