index,thickn,rho,vp,vs,dip,strike,plunge,trend,ani
14,5175,2409,6303,3545,0.0,0.0,0,0,0
15,5669,2714,6837,3760,1.804009383187131,64.65394787596615,0,0,0
16,9303,2697,6232,3979,3.5406942639047045,243.06875153337526,0,0,0
17,8955,3161,6234,3748,1.7149280813112298,198.3080118134926,0,0,0
18,13040,2999,7647,4351,3.757256735489122,71.2952736294753,0,0,0
19,0,3699,8751,4647,0.24576527818944596,145.48420830362627,0,0,0
