index,thickn,rho,vp,vs,dip,strike,plunge,trend,ani
0,42579,2341,6786,4019,0.0,0.0,0,0,0
1,0,2713,8274,4902,2.837379214427786,56.23940826563029,0,0,0
