index,thickn,rho,vp,vs,dip,strike,plunge,trend,ani
5,13665,2438,5992,3563,0.0,0.0,20.938278923115732,80.40637810602236,5.058283418888082
6,14978,2434,6737,3746,1.730914321811322,329.77838058445417,7.291199926542967,37.11589340240761,9.207739473357332
7,9714,2973,7719,4064,2.5478056764787427,79.7198237025151,58.26589081894932,348.2253025688508,7.30321422129944
8,0,3171,7996,5357,2.20286093160541,105.65186093779228,80.50806162729205,275.0604674856355,6.599702841393973
