index,thickn,rho,vp,vs,dip,strike,plunge,trend,ani
0,43353,2435,7044,4181,0.0,0.0,68.57847961976823,214.78467055040005,8.471806025904623
1,0,2500,8617,5167,3.0296667405596396,172.10100098252508,8.890621353115575,59.24299503901211,4.570983868535103
