thickn,rho,vp,vs,dip,strike,plunge,trend,ani
7982.065093163639,1540.7408680622993,5992.368908164776,3276.2270066582832,0.0,0.0,0.0,0.0,0.0
12621.868653985031,2693.1672976673703,7078.930506911276,3698.0887940581747,4.286677015385867,146.8501257918917,17.769758508628954,217.17235220618483,3.8145142276822197
14926.153524444406,3463.7596478463515,7491.7825604586005,3291.8257752545774,7.921225769274469,146.46967662721232,39.02757306031201,155.68582513822093,5.708029872564016
0.0,3500.0,8100.0,4500.0,3.5214803165291775,113.69015270215968,0.0,0.0,0.0
