thickn,rho,vp,vs,dip,strike,plunge,trend,ani
38593.02096027339,2990.9765061003454,6436.458022593295,3949.3445207106884,0.0,0.0,11.460804849422738,277.5485606269317,0.4398801138515709
0.0,3500.0,8100.0,4500.0,5.812123407053752,77.78680112899346,0.0,0.0,0.0
