thickn,rho,vp,vs,dip,strike,plunge,trend,ani
10382.82941639034,2375.0570116449185,6189.387655644055,3666.776863514238,0.0,0.0,10.687998526572663,156.54140368048488,0.43295529677764577
22954.721638392763,2853.4278557986627,7473.263901220462,3447.555169686177,2.5401997403667558,343.8072131344196,17.376139202227385,87.53530146823067,7.9824549545105485
0.0,3500.0,8100.0,4500.0,1.1501141033320255,32.76263862639152,43.92416610977938,87.45359440477822,3.4772610037088754
