thickn,rho,vp,vs,dip,strike,plunge,trend,ani
39253.488995034444,2959.475830220801,6102.796746137043,3868.5604239580534,0.0,0.0,39.15333568277308,101.1588693051187,1.9084120945040413
0.0,3500.0,8100.0,4500.0,7.327123559854892,331.9523678486137,22.248149754369614,180.57431023098923,0.0
