thickn,rho,vp,vs,dip,strike,plunge,trend,ani
11858.225513097888,1826.1706100711747,6087.427733911214,3463.861528159922,0.0,0.0,42.85979893070447,17.74413535197536,7.084007478067669
10704.141140603537,2957.9134416862053,6618.679512403117,3407.7620032668656,2.0642257630015015,71.03287523252921,41.50921346031464,109.09494694529573,0.7372270723463288
10777.701434265166,2898.5546017807696,7647.610882271976,4010.514083837309,4.909747972567896,58.615301846812756,41.83327520024136,109.10999416127929,3.992326914595039
0.0,3500.0,8100.0,4500.0,1.2119488608973512,265.13837114103694,5.93024703012313,62.67035859396661,7.517032808070936
