index,thickn,rho,vp,vs,dip,strike,plunge,trend,ani
0,43687,2286,7701,4395,0.0,0.0,59.938606771812466,126.72927336717693,5.509247852302587
1,0,3242,7812,4930,5.110509607560352,114.983333367957,35.42099557574708,344.66075265596703,4.7382188718109814
