index,thickn,rho,vp,vs,dip,strike,plunge,trend,ani
2,21879,2591,6685,3961,0.0,0.0,44.326666155405086,196.53338264368617,6.23545302322285
3,12854,2714,7364,3716,0.3472551298982045,183.2060245147362,18.804734512095287,203.03361832019712,8.499498178874722
4,0,3500,8100,4500,0.40130258243421735,307.41622001042106,38.24322463416534,77.09227429970099,2.2924290789340613
