thickn,rho,vp,vs,dip,strike,plunge,trend,ani
35996.09667906596,2872.1969501400677,7337.190241748149,3932.3193387847273,0.0,0.0,28.689468056360496,245.58518174346273,3.3715469203397697
0.0,3500.0,8100.0,4500.0,4.747919070311363,343.4081819152352,19.87360388462102,23.601387114960517,0.0
