thickn,rho,vp,vs,dip,strike,plunge,trend,ani
14073.399615811028,2353.1923779367694,5875.003671594441,3595.861373709961,0.0,0.0,15.172037479171795,214.60925830089184,1.1278437547618347
6983.396425185033,2966.2903676494893,6371.887149821013,3660.5217601930995,2.6261070273264666,339.2139238714311,7.737652159948492,79.424398864106,0.03247335959204989
11311.114325573828,3499.2391061813287,7692.05272675128,3564.110577351277,0.9556662527723878,149.1691066982493,2.419507426676379,37.73772104162882,5.71567384703259
0.0,3500.0,8100.0,4500.0,1.0189550411562234,26.073551205973047,21.924640279253996,92.01879909644319,8.431031295639011
