thickn,rho,vp,vs,dip,strike,plunge,trend,ani
29096.035787023276,2669.056252339554,6909.136522046162,3610.905427511843,0.0,0.0,37.78301061982112,201.8917038559498,8.789263426908777
5210.991955902313,2937.0412076953207,6149.939272634325,3809.0982276657883,7.938409230860448,267.8062026585826,42.22034855872434,206.1585919533619,4.8489172719056475
0.0,3500.0,8100.0,4500.0,2.0379054114833113,353.0446119446964,23.32931214351568,138.79568708376655,1.5633386861959089
