thickn,rho,vp,vs,dip,strike,plunge,trend,ani
10719.563502626346,2315.628601289051,6104.4761986211715,3335.598660340671,0.0,0.0,36.36067775090892,309.01477607218123,6.390754489061146
14673.113604735809,2721.9978317663163,6546.5792219597615,3488.278160347081,6.1144702762284915,63.38245383952638,34.197956528929964,326.6097208913712,4.25239221529506
8044.72051228754,2636.4910318984666,7209.370386105946,3503.679210998687,1.4101188728465401,17.60322944465372,28.852583634192683,162.2663042521612,0.48454879637373605
12081.417275743483,3392.9271745172655,6719.51461426595,3865.2566048318877,1.9775204501129044,72.02214725666012,20.37026785954379,328.2044585118414,2.828462686071169
0.0,3500.0,8100.0,4500.0,5.0960232730313795,104.28233739409242,26.190097854673407,194.87722554426804,5.419029405250386
