thickn,rho,vp,vs,dip,strike,plunge,trend,ani
32437.397226348312,2982.215622524584,6329.780464676208,3559.371597896849,0.0,0.0,0.0,0.0,0.0
0.0,3500.0,8100.0,4500.0,0.0,0.0,0.0,0.0,0.0
