thickn,rho,vp,vs,dip,strike,plunge,trend,ani
7663.043019230659,1686.6020994970338,6310.888124617978,3690.246182880535,0.0,0.0,0.0,0.0,0.0
29290.52852340479,2506.1279049190452,6066.119425500062,3531.5995163262414,6.26805589040854,317.4539013644823,28.103554096208285,244.99553061193316,0.6857062318937923
0.0,3500.0,8100.0,4500.0,3.2405819254196255,282.3569105599414,0.0,0.0,0.0
