thickn,rho,vp,vs,dip,strike,plunge,trend,ani
8699.883223428184,2145.04268438166,5831.280648252891,3312.337524480973,0.0,0.0,0.0,0.0,0.0
10724.65602874608,2785.795718146477,7230.590854479652,3713.625861185126,5.144200569316807,352.1659918641168,5.425667950624657,115.1531827165627,5.424747460883248
14640.62958831718,2926.1815726811146,6703.662010609146,3415.6195034008865,3.84260174158819,280.0033106554671,27.340960837052315,220.39693207448204,1.4781595892104948
0.0,3500.0,8100.0,4500.0,2.0218046904630484,340.0957827421068,0.0,0.0,0.0
