thickn,rho,vp,vs,dip,strike,plunge,trend,ani
23240.850016474844,2877.438527250743,6043.853731149828,3839.5380056748004,0.0,0.0,0.0,0.0,0.0
12748.252423373173,2740.133918594965,7430.401411872212,3612.158773395022,5.408321025445922,298.4615173200659,34.123635228051164,49.954753490852056,3.236591750376502
0.0,3500.0,8100.0,4500.0,6.305929506202659,45.07153792683252,0.0,0.0,0.0
