thickn,rho,vp,vs,dip,strike,plunge,trend,ani
35347.6619789246,2954.5622881338027,6119.433732417823,3714.392658350471,0.0,0.0,37.82615240626302,307.31271584753597,6.727647250788494
0.0,3500.0,8100.0,4500.0,7.543609134579727,103.62242089636196,19.995314712096302,295.30556756299046,0.0
