thickn,rho,vp,vs,dip,strike,plunge,trend,ani
7050.581788831489,2566.06488068476,6141.984688304716,3428.396362748693,0.0,0.0,11.542105606278986,162.3966416211115,6.877681963109793
11003.205011014592,2321.8255348185626,6811.837629731177,3186.9828717288506,4.530303739828276,150.62237634728552,24.30635339754451,261.9017098934463,6.331812088703209
5352.519777053548,2392.47306455384,7090.696802847385,3048.3007212936254,4.100776277253234,72.24186710023966,20.20174950972757,32.83622993185213,1.4647576607938264
10046.86607876865,2757.7334706976067,6942.365153806498,3908.7340897164986,6.182731877332494,132.75763693363166,44.01424198908428,90.32462558268347,2.5528824655382265
0.0,3500.0,8100.0,4500.0,3.5578901905931186,33.979096584858894,26.210767000226415,299.0870264036656,3.5146629003357766
