thickn,rho,vp,vs,dip,strike,plunge,trend,ani
31130.25052643632,2563.7362036500863,6482.269513254412,3835.0984448862655,0.0,0.0,28.674421249716595,116.7374690627625,5.796664099122305
6524.16965499686,2869.5635917429063,5973.182906007563,3452.1711609515683,7.587526777246023,94.65520544130726,16.24357989912238,305.152511195938,2.2267662220170936
0.0,3500.0,8100.0,4500.0,5.499660526597658,97.69843026324602,13.741606197960351,42.78170698770674,6.131336732561765
