thickn,rho,vp,vs,dip,strike,plunge,trend,ani
13817.572111376134,2476.838244354613,6076.747839486965,3442.4778612557075,0.0,0.0,0.0,0.0,0.0
10279.347616510317,2989.547042258101,7487.574084642144,3050.2408681337447,7.204659773762904,186.9012448739545,7.937174867409267,204.14773143293456,6.8999027030851945
11485.69549686106,3015.208786851173,7273.97719002239,3863.3016469973318,0.4009907382363438,222.30994572014356,12.259617523712626,147.43725161883694,6.854837566052746
0.0,3500.0,8100.0,4500.0,2.950682942485108,268.6523109555837,0.0,0.0,0.0
