index,thickn,rho,vp,vs,dip,strike,plunge,trend,ani
5,14796,2407,5943,3385,0.0,0.0,0.0,0.0,0.0
6,12255,2552,7427,3586,4.115105678923045,155.68244982869496,0.0,0.0,0.0
7,8948,2805,7125,4079,4.014398385603668,108.09011215068357,0.0,0.0,0.0
8,0,3466,8087,4940,4.315738213921898,121.54419513428674,0.0,0.0,0.0
