thickn,rho,vp,vs,dip,strike,plunge,trend,ani
5034.509967798349,2842.4366270245846,6295.8331914472055,3883.6092943012363,0.0,0.0,0.0,0.0,0.0
30254.95592307006,2995.260324878826,7227.460224070708,3746.364065228807,5.504461941242727,155.0467765094543,13.604226327658228,130.74121945486678,3.2523066791658293
0.0,3500.0,8100.0,4500.0,4.0154144636683915,284.8208018392226,0.0,0.0,0.0
