index,thickn,rho,vp,vs,dip,strike,plunge,trend,ani
2,13847,2403,6332,3848,0.0,0.0,0.0,0.0,0.0
3,21863,2891,7936,3852,2.6359777989388906,291.38943524628496,0.0,0.0,0.0
4,0,2854,8818,4549,1.9084761585952252,358.86661685964225,0.0,0.0,0.0
