thickn,rho,vp,vs,dip,strike,plunge,trend,ani
35835.25374658182,2976.6642874059207,6955.203261387152,3804.426144397781,0.0,0.0,18.272010894393958,118.791478734181,7.128865777688879
0.0,3500.0,8100.0,4500.0,7.516443486406022,126.75925270117965,37.01664790434882,145.70047130731487,0.0
