thickn,rho,vp,vs,dip,strike,plunge,trend,ani
11135.02130321688,1828.4512351548815,6208.040173174327,3427.626352573627,0.0,0.0,31.390290772518767,170.4605789182687,5.257826575382543
11295.88949758838,2278.3326955190123,6310.932633135556,3286.6738420941538,2.2736451648218052,195.2853011975346,7.133131403296357,317.22705426557974,7.737703653428002
8190.230455534412,3201.2851174057573,7569.934310689186,3601.0659245399797,3.84991869450616,333.435335434146,19.449286453497237,236.89865979224228,2.3782237278903984
0.0,3500.0,8100.0,4500.0,4.719365486800797,108.66123295814634,31.801955487019242,100.53994376942383,2.674593843703033
