thickn,rho,vp,vs,dip,strike,plunge,trend,ani
22382.413284122864,2492.1427820650083,5886.560963873993,3295.201205728022,0.0,0.0,22.774734918969543,99.05508282368949,2.0930257807746813
7207.986752734469,2872.2862814878827,7338.164064858391,3527.5032359346887,3.9211347686893476,352.66940871925385,31.536112991860463,26.580847176786705,4.642376260684874
0.0,3500.0,8100.0,4500.0,4.765922474432999,176.07992511552902,8.336807734963287,213.81505930411686,9.206442750325287
