thickn,rho,vp,vs,dip,strike,plunge,trend,ani
9469.31660996827,2498.259448368211,5974.585240481502,3224.254840282527,0.0,0.0,3.289179947917475,205.560852225004,2.0272807537033275
7840.6558999791505,2310.1035045200815,6492.872467355391,3525.2420687318345,4.320829578338735,207.12732763642217,38.40550280935539,240.8052140223545,7.2721039909750775
6559.245318394656,2399.2953983432535,6939.260999467068,3733.4437840163064,3.046191331317446,288.4527312372618,33.968393188986624,268.48379808896175,4.718216545178949
8843.577279621426,3127.3149024839945,6952.082946046906,3666.551157619312,4.284435625220875,10.895866411306741,5.50950541448432,194.75285311936028,4.936463762178817
0.0,3500.0,8100.0,4500.0,3.963875900636746,120.88138766413574,21.28693693535513,156.21167489477003,4.048770341823918
