index,thickn,rho,vp,vs,dip,strike,plunge,trend,ani
9,6427,2478,6002,3409,0.0,0.0,25.19248574210776,180.64423363588782,4.967236696520869
10,14934,2701,6846,3592,3.771189806924256,200.48277208954872,44.181543953884216,275.6194675818865,3.9689478956064455
11,9055,2745,6809,3601,3.6881799328303906,223.2846055758286,59.5845441200757,215.58002050498533,4.36501190613185
12,6386,2757,7176,4210,3.559879205490628,270.8959502300812,54.785326854385715,320.2225507376277,4.222557628206239
13,0,3399,8190,4484,4.282194429393958,343.38336850049643,36.05024486902276,149.38383477432978,6.067707699474033
