thickn,rho,vp,vs,dip,strike,plunge,trend,ani
7003.9669186707615,2349.7567704355292,6588.838580294646,3784.1838462615856,0.0,0.0,25.058874894391735,101.20123451183257,0.5509934741939073
34229.28052450012,2791.0168454038103,6886.681146608005,4054.027737458568,4.380516605656048,177.57971241349594,21.046029387977295,316.37393642683855,2.554949955753184
0.0,3500.0,8100.0,4500.0,4.613116599600821,322.8356366596766,25.903119667545106,75.68650151653246,6.699332984157149
