thickn,rho,vp,vs,dip,strike,plunge,trend,ani
41387.281257902185,2962.182396509886,6594.515583554627,4001.3305975285857,0.0,0.0,2.31139600189929,185.10483862840562,2.628341898006929
0.0,3500.0,8100.0,4500.0,0.4431266120137165,241.98369235685112,31.726002881816456,135.21134840132993,0.0
