index,thickn,rho,vp,vs,dip,strike,plunge,trend,ani
14,6634,2219,5867,3177,0.0,0.0,0.0,0.0,0.0
15,6889,1922,6737,3329,2.352230979061752,336.68749719373784,0.0,0.0,0.0
16,6907,2425,6822,3873,2.7662163886447444,219.15116384737624,0.0,0.0,0.0
17,12644,3500,7114,4043,7.331500942613459,34.4907819896041,0.0,0.0,0.0
18,5465,3461,7340,3930,4.703187722609995,150.19806894434697,0.0,0.0,0.0
19,0,3682,8614,4313,5.038174043077733,265.78525792722127,0.0,0.0,0.0
