index,thickn,rho,vp,vs,dip,strike,plunge,trend,ani
9,14173,2210,6047,3452,0.0,0.0,0.0,0.0,0.0
10,6037,2704,6553,3791,5.54576829960353,317.2388493317487,0.0,0.0,0.0
11,13062,3197,6659,4384,5.24843753340229,344.643400856035,0.0,0.0,0.0
12,9706,3215,6773,4203,4.30473367171103,206.7598749529607,0.0,0.0,0.0
13,0,3082,8548,4730,2.15824179678692,284.5536805453582,0.0,0.0,0.0
