index,thickn,rho,vp,vs,dip,strike,plunge,trend,ani
5,12925,2486,5868,3465,0.0,0.0,0.0,0.0,0.0
6,7074,2771,6718,4044,3.7750076510851835,325.41847832518704,0.0,0.0,0.0
7,11813,3470,7338,4347,5.467973982054669,238.8654183680491,0.0,0.0,0.0
8,0,3033,8144,4935,2.7958715698213976,287.28370855478823,0.0,0.0,0.0
