thickn,rho,vp,vs,dip,strike,plunge,trend,ani
38901.4192515422,2868.417232567085,6413.177556854755,3856.1876208472545,0.0,0.0,4.146611561495899,124.07337694333717,1.475908654274022
0.0,3500.0,8100.0,4500.0,2.647901994226823,191.7982220949077,0.0,0.0,0.0
