thickn,rho,vp,vs,dip,strike,plunge,trend,ani
8120.973449663045,1974.4153742043238,5987.712987772893,2889.283538100505,0.0,0.0,15.022571528652815,199.8474528327284,4.2789232667673724
6157.989730383146,2784.6118920420963,6778.086083337217,3227.0035207448964,7.532248382827396,216.4360228408973,26.095531712036294,253.84434457308802,5.482088774898921
10671.81549345024,3243.39522893263,6391.6522410289635,3057.2124194090766,0.4513851010452199,161.39925595311124,20.105411840534757,121.20919776664542,4.453001238724331
9457.850826435562,2949.405672653233,7411.742947934512,3511.816925323213,2.2281163724333966,245.2286126885566,41.75462300289375,134.83790411155863,2.9733704996708754
0.0,3500.0,8100.0,4500.0,0.6198549229612271,162.647001369456,38.35901931759955,244.5262566842427,8.04161593360572
