thickn,rho,vp,vs,dip,strike,plunge,trend,ani
40982.10223100035,2904.7286216381735,7203.258656834009,4054.8960994452764,0.0,0.0,16.017258564441786,254.09564075675195,7.196102256225009
0.0,3500.0,8100.0,4500.0,2.5595290814627685,89.66923039080055,24.05022674711065,234.02594394086756,0.0
