thickn,rho,vp,vs,dip,strike,plunge,trend,ani
42314.71392865791,2850.293780518,6858.3120383056685,3999.755533086887,0.0,0.0,0.0,0.0,0.0
0.0,3500.0,8100.0,4500.0,0.0,0.0,0.0,0.0,0.0
