thickn,rho,vp,vs,dip,strike,plunge,trend,ani
9988.147766839704,2261.106650996384,6001.5304203765945,3437.063935133007,0.0,0.0,0.0,0.0,0.0
13741.996153559048,2856.9385023172254,6920.007156790827,3587.154015257198,3.1643504760631096,200.15191091405242,8.891220146382762,58.49140492637733,2.3054339285283634
13525.6605537427,2938.9732636153026,7472.300341576677,3514.517871206329,2.31064616599867,132.69971227724142,25.053362224047675,282.16512353582755,3.0724026123648933
0.0,3500.0,8100.0,4500.0,7.121069042229408,188.61109945017694,0.0,0.0,0.0
