thickn,rho,vp,vs,dip,strike,plunge,trend,ani
8841.034554538595,2395.792697125459,5821.702562608451,3366.7356615846575,0.0,0.0,33.99812152669341,13.629215384222562,3.3203312238661535
13415.623123500833,2810.1919225040874,6785.917551998125,3868.8105400343306,4.645525866649988,227.95197750511747,24.52092054955039,216.20177560992568,4.722416284139671
14026.909926455764,3093.920576145301,7182.598377003714,3585.842180918204,7.4985859993711586,231.60235655893797,7.814318460505886,323.3754086282757,6.729742213310183
0.0,3500.0,8100.0,4500.0,0.4015382770016096,92.19367902030041,30.62400203426773,77.27857798768288,5.241279850774438
