thickn,rho,vp,vs,dip,strike,plunge,trend,ani
14998.714171111566,2391.0126735381446,6330.96915907426,3540.2260556964484,0.0,0.0,0.0,0.0,0.0
13527.65116589572,2722.4011354901904,6809.902219189087,3233.9037598592527,2.7480719900354122,210.18129083422414,0.7637589720474267,272.8071315996996,7.133038554742871
8601.44859788187,3168.9813531134287,6356.56997575797,3593.5048234561746,1.3257378831327675,108.88720311322172,16.34290405114918,88.53822733742102,5.80261211887267
0.0,3500.0,8100.0,4500.0,2.4753912078959215,101.90830080806563,0.0,0.0,0.0
