index,thickn,rho,vp,vs,dip,strike,plunge,trend,ani
0,35524,2352,6821,3719,0.0,0.0,28.460009593936476,61.21008215700043,4.658400783282735
1,0,2209,8037,4834,3.171013264340923,237.5578843020795,32.06837402960532,23.683745369583928,3.383247892346808
