index,thickn,rho,vp,vs,dip,strike,plunge,trend,ani
5,14344,2424,6157,3516,0.0,0.0,61.374526719813865,40.77940529604202,4.1123868500047625
6,14875,2676,7420,3722,2.51208547786886,292.9965724444054,83.02016518506863,124.6931250332224,0.7009360668727991
7,10696,2828,7216,4406,2.281938774552361,51.62064964181426,47.22794541125748,57.79169894773044,2.9733582054868
8,0,3602,8068,4809,3.847137918233803,169.1555490140819,50.77426833874737,113.9035169808159,9.09702990702059
