thickn,rho,vp,vs,dip,strike,plunge,trend,ani
14523.732976898653,2452.560460908276,6026.898413657008,3564.179665560011,0.0,0.0,0.0,0.0,0.0
10887.551281108139,2962.242378555418,7154.977706526081,3332.846034615749,2.824052156662735,204.13218332773658,0.48836099564294183,38.955040896665764,1.4684041905717544
7699.796583553592,2964.764925048853,6878.418280218791,3900.8296677549924,2.0036509559361697,358.56003830747227,15.849439262204339,171.73613423937846,0.7976966811815993
0.0,3500.0,8100.0,4500.0,1.4009480003067898,267.5761797014138,0.0,0.0,0.0
