thickn,rho,vp,vs,dip,strike,plunge,trend,ani
44075.57019009194,2936.1803149813886,6564.390838744225,3407.379288904913,0.0,0.0,4.228056823923623,82.64340933008863,6.69130271159978
0.0,3500.0,8100.0,4500.0,3.3036412251186573,294.5335382631139,27.95840492360477,73.70616885969963,0.0
