thickn,rho,vp,vs,dip,strike,plunge,trend,ani
8717.66834618,1693.0198556235157,6226.517026429819,3345.0428365032967,0.0,0.0,35.4981868101093,82.77346030602683,5.544234629484402
13988.08597413146,2573.978223047602,6597.222859241931,3169.6707664668684,7.7173330510039015,222.5274764721732,16.17688882223738,172.4808167117771,5.8557951444624035
9362.45887269973,2563.779541471134,6383.641647307958,3512.9174301715934,0.6832631316523705,151.4127958804098,43.13525307468888,121.34061866173894,2.9904451450892
14196.97849562769,3084.6794037468967,6578.4719993497,3763.614939157079,7.020600455370861,85.92610800157654,21.301322249704796,110.2079300419404,3.0731709133126355
0.0,3500.0,8100.0,4500.0,6.299010589276232,343.59153283577365,40.1242857611929,116.38019838142245,1.463956566153275
