thickn,rho,vp,vs,dip,strike,plunge,trend,ani
6644.2789567410155,1821.2573449370925,6368.13128790716,3583.594257854277,0.0,0.0,6.016576155383092,228.75833170310892,5.783773435638788
9035.3005343197,2868.100630581324,7460.335184691057,3256.8510083403085,5.225613719113478,241.73322142192757,31.66110763515961,271.77143300226925,9.198945626942695
9368.713039943159,3296.055710725935,7008.276829784505,3872.871805699454,2.8604386320735196,250.4212423821488,44.07196440844665,281.9279268133118,1.308370667907882
0.0,3500.0,8100.0,4500.0,4.204237659679195,345.3765277676682,42.069032743675116,292.45963741386566,1.1420264279390158
