thickn,rho,vp,vs,dip,strike,plunge,trend,ani
7461.547061737516,2429.690603300362,6485.562950378264,3813.5467207189904,0.0,0.0,31.168930102763618,206.4262571854324,6.899917016441696
10118.222106898978,2940.1259115635344,6975.4948273337395,3576.7946946272605,5.99424735516731,238.96726578220347,7.766897127370964,197.35367099501488,7.807909050862364
0.0,3500.0,8100.0,4500.0,3.144861285557604,265.2994162453504,38.29687662089678,141.58130133405183,7.650039656282921
