index,thickn,rho,vp,vs,dip,strike,plunge,trend,ani
0,41692,2363,7114,4241,0.0,0.0,50.38228949917194,139.3068520744673,7.3164652316247825
1,0,2383,8954,5261,3.756386735152891,236.2002446041438,50.49575917832271,134.53078468939393,3.227929483741653
