index,thickn,rho,vp,vs,dip,strike,plunge,trend,ani
5,9223,2359,6231,3586,0.0,0.0,80.44966373906095,19.793171052795024,5.296122635385222
6,14304,2815,7381,4047,4.81526984344746,88.9103332522692,73.16617753955596,342.8784674048119,4.703073315227385
7,14862,3263,7841,4100,3.701219656888395,184.4953348342938,36.57708231020977,123.88288185435745,7.030319342241041
8,0,3349,8221,5210,3.7530557574105723,269.78373074522773,48.7794316576824,322.50596285306204,5.066132326028887
