index,thickn,rho,vp,vs,dip,strike,plunge,trend,ani
2,17763,2479,6406,3790,0.0,0.0,53.98067475882585,2.112641914455988,5.619422551154972
3,19413,2857,7649,3911,3.170524696780587,92.40743661141013,77.99087692959782,205.46860952623487,0.47881461946324283
4,0,3043,8260,4755,5.487988977195866,222.68619563990967,46.24812684013483,83.76186732679454,2.7393972732778686
