thickn,rho,vp,vs,dip,strike,plunge,trend,ani
43368.869684857666,2993.659572627966,7310.874353422753,3793.8099568877306,0.0,0.0,42.255656764058784,312.61003683369165,4.447752804524761
0.0,3500.0,8100.0,4500.0,4.713436718921853,354.91562476163244,0.0,0.0,0.0
