thickn,rho,vp,vs,dip,strike,plunge,trend,ani
12070.34336460587,2466.869923358645,5922.335830042814,3316.8741328561678,0.0,0.0,20.3363437151372,73.58637170246543,3.171005927929771
6463.126038061735,2969.927643901939,7476.274302549688,3651.1857075819685,6.8725570338966735,77.09437283676141,34.029992834106395,254.55769514283475,9.08037261936716
14864.051204962805,3066.459887683034,7975.8380542942905,4045.2098104208917,6.920825434406712,20.328079823317267,14.570574259288572,113.75892010844905,7.343191489294583
0.0,3500.0,8100.0,4500.0,3.9908087463265978,128.39273572059457,29.439550196596134,30.947290677950377,7.393135723115126
