thickn,rho,vp,vs,dip,strike,plunge,trend,ani
12903.813732553219,2480.345768931952,6795.431420906534,3840.633532867376,0.0,0.0,0.0,0.0,0.0
29099.898222140342,2987.567349716815,7191.504015835499,3596.509241771558,4.1753683752808435,102.87092751273175,5.372695821291227,137.19139925773686,1.8673787131714001
0.0,3500.0,8100.0,4500.0,4.619313842888804,31.788230714994796,0.0,0.0,0.0
