thickn,rho,vp,vs,dip,strike,plunge,trend,ani
44416.78382354985,2948.053541579808,6023.678890580696,4097.183365659086,0.0,0.0,29.335081871256353,135.1130332719988,1.9135612034313745
0.0,3500.0,8100.0,4500.0,3.262083118264904,64.82571805189141,5.083986165472339,28.94632265112253,0.0
