thickn,rho,vp,vs,dip,strike,plunge,trend,ani
37326.88763557772,2917.974877347404,6238.7797556889,3941.4843400124428,0.0,0.0,2.3209183899609123,90.51491086804349,0.3790884895809561
0.0,3500.0,8100.0,4500.0,2.115790747731407,48.99435107025084,0.0,0.0,0.0
