thickn,rho,vp,vs,dip,strike,plunge,trend,ani
10080.29853203568,2121.9797588204215,6073.062847089392,3501.967334740318,0.0,0.0,0.0,0.0,0.0
14808.246966660705,2837.011906602825,7050.060926419136,3141.7196704770668,3.3439173249213168,316.55786173950645,16.63100650606583,10.303225643839568,3.2533099082476347
11860.940363808259,3049.086973633708,6192.699202093433,3326.7248510237528,3.2340866161304627,60.15573349069045,4.275534186424952,352.3349321886709,7.131356180761301
0.0,3500.0,8100.0,4500.0,4.98782471075565,329.53236334035057,0.0,0.0,0.0
