thickn,rho,vp,vs,dip,strike,plunge,trend,ani
36090.749497426885,2919.1660228566907,6648.309042992543,3581.4124041557375,0.0,0.0,38.48167651877428,101.38623463673042,3.8388119616167478
0.0,3500.0,8100.0,4500.0,5.609115031621075,13.869564963251804,0.0,0.0,0.0
