index,thickn,rho,vp,vs,dip,strike,plunge,trend,ani
5,10701,2493,6181,3545,0.0,0.0,46.92835796583732,71.87716876206069,4.142827910091173
6,12427,2842,7229,3880,3.222296947828478,71.61565584128512,66.96433189129671,274.20848955578043,2.802902170869982
7,12794,2828,7725,4066,4.654182589237603,251.7406151287627,15.930749640357194,189.89183708187562,4.246135144762494
8,0,3062,8050,4831,3.5120102212839583,10.645801633897426,22.445192947181248,349.48043141963143,7.326381599850849
