index,thickn,rho,vp,vs,dip,strike,plunge,trend,ani
14,10387,2330,5957,3351,0.0,0.0,77.92636238162231,105.32176990529324,1.6658450432485599
15,8087,2559,5995,3728,4.1237288797375,196.37251607692266,8.30190959808356,227.90459339991733,4.6188122562300995
16,7977,2807,6657,3563,2.3812578985685873,194.97509392629655,28.404971686022098,50.092458537060274,2.4398158289180243
17,6815,2720,7249,3717,1.4393455229713066,237.04253777339102,41.365233889425355,101.6742382791226,5.581884731615844
18,9499,3593,7397,4097,2.3601447918404066,324.15058695667454,85.88725193889339,288.4455790475201,5.318853316530134
19,0,3754,8209,4773,1.4802277655604117,245.62740459063605,88.53492802357687,183.07158187990507,5.722077556097947
