index,thickn,rho,vp,vs,dip,strike,plunge,trend,ani
2,12401,2465,6226,3813,0.0,0.0,46.32804883153595,236.35179667345227,2.936605426936471
3,22179,2832,7505,3992,3.605915028258377,146.80105200090904,57.39376494687152,55.14445022816483,2.7542531697281136
4,0,2913,8219,4552,3.882205177542771,90.34506555501763,77.80516554497125,270.2342359992668,6.673698306613513
