index,thickn,rho,vp,vs,dip,strike,plunge,trend,ani
14,11239,2148,5839,3493,0.0,0.0,88.85084094607959,176.9864919925757,6.082736358005953
15,6122,2862,6238,3465,4.609735165361906,77.23288740521734,54.39327343029838,79.62229985931361,1.9588222628865972
16,6763,3244,6454,3350,2.9102230080299196,275.8167439551961,41.606978674401645,8.213091293346423,1.2009429631223076
17,9537,3047,7853,4026,1.4727152009629292,311.53328160319893,87.12341707587095,229.0214650683709,6.7527772793671605
18,13941,3225,7833,4925,1.1881222943586192,352.24475531918625,58.20413509826921,84.19468964746432,2.4158668366435028
19,0,3397,7952,5000,6.922452902837899,152.24554677279167,34.22991797618368,183.13349371586148,3.3067840566862636
