index,thickn,rho,vp,vs,dip,strike,plunge,trend,ani
2,14318,2282,6275,3963,0.0,0.0,41.09621507711672,27.241775134939594,5.631902947966466
3,23495,2543,7597,4032,5.939425688776009,112.89642202350011,68.02753711328003,264.80113402190904,7.50988493006458
4,0,2974,8466,4999,1.3216543877336115,68.40504734932523,49.713074988851744,320.4463387287486,6.933611464908401
