thickn,rho,vp,vs,dip,strike,plunge,trend,ani
39715.89120247709,2903.6346205981135,7031.65008780657,4032.8867481341886,0.0,0.0,0.0,0.0,0.0
0.0,3500.0,8100.0,4500.0,0.0,0.0,0.0,0.0,0.0
