thickn,rho,vp,vs,dip,strike,plunge,trend,ani
9982.424334323536,2177.215375495679,5996.638147590438,3308.3503107703864,0.0,0.0,37.35351602679259,51.15835415239863,1.9073413655733367
12737.88774272455,2889.6254102116804,6935.332032198446,3299.4576439470757,1.2968559157410882,227.16740474227115,14.534938631381051,251.04049812978016,5.211588284920276
9698.068504145534,3255.217999314904,7421.67160248785,3665.5057885459705,6.3279560176915295,31.300951988242247,7.570290199717727,37.020953357767695,8.950686431258362
0.0,3500.0,8100.0,4500.0,4.160847670129995,205.37938861998782,2.7718172554927243,316.4577335839931,6.747572713635103
