thickn,rho,vp,vs,dip,strike,plunge,trend,ani
37631.129455867864,2862.4943420378486,6565.5032715399375,3885.752956548392,0.0,0.0,0.0,0.0,0.0
0.0,3500.0,8100.0,4500.0,0.0,0.0,0.0,0.0,0.0
