thickn,rho,vp,vs,dip,strike,plunge,trend,ani
5848.937709666892,2141.9883081073444,5811.553115309713,3406.0116899494637,0.0,0.0,8.41817001639483,348.10419108635847,5.494986381129262
5416.136996114691,2139.739339772752,6409.024456486603,3547.6426999745427,2.723964419144405,53.784180287461425,39.67968172078119,256.9747176961802,8.381990926926656
12357.67249553739,3231.3650209332823,6838.214402235927,3559.612606661068,1.8411185429298693,139.38918956559127,25.798974003033898,154.0751988010345,6.337901881334034
11033.128192647291,3371.9736495483107,7965.333039755474,4049.7275246206486,3.927287999758156,340.31294454648173,3.26641965069863,131.14878848016508,3.9705832370453624
0.0,3500.0,8100.0,4500.0,3.326588605585619,149.6936827370607,11.032841111058088,138.82500002879817,2.8714548373262283
