thickn,rho,vp,vs,dip,strike,plunge,trend,ani
14154.046735380189,2211.9523656979395,5949.906385365794,3660.8058897673345,0.0,0.0,26.085000238328302,247.09183992559315,8.14450223595769
17146.168401054972,2461.566199505527,7033.580897246077,3151.9257773999043,5.933575800591282,292.5652885582299,30.747248863531908,20.139342688257813,7.111375835097862
0.0,3500.0,8100.0,4500.0,4.825666712941753,211.86995673452088,12.595284608561737,105.26417641119873,4.026208013384279
