index,thickn,rho,vp,vs,dip,strike,plunge,trend,ani
9,6461,2388,5860,3330,0.0,0.0,80.26692985672537,1.8182988785641352,4.253142187894036
10,12608,2596,6502,3793,2.5292983823659676,227.39700704585564,66.22057278322966,334.06769381674775,2.341638045108617
11,9310,2809,7252,3636,2.62762537999842,116.23470776155412,49.211689224502265,333.5265247757561,8.160040672141191
12,12888,2810,7413,4214,5.255904289865888,149.0380993992734,65.40046855699943,233.17592159079098,7.122793207168027
13,0,3541,8162,4649,1.972087983295427,58.84291402138392,83.77889781789058,147.3198654267346,2.103179017882434
