index,thickn,rho,vp,vs,dip,strike,plunge,trend,ani
9,8146,2041,6207,3472,0.0,0.0,0.0,0.0,0.0
10,10200,2350,6932,3760,3.695243478158013,117.5167719602657,0.0,0.0,0.0
11,10367,2654,7476,3677,3.5970090810174677,176.49163620014448,0.0,0.0,0.0
12,12796,2796,7182,4537,4.461707197760442,46.41004249598114,0.0,0.0,0.0
13,0,2921,8956,5739,3.442822708222211,138.5183569449861,0.0,0.0,0.0
