thickn,rho,vp,vs,dip,strike,plunge,trend,ani
41193.80349011128,2898.863328090122,6954.473225154453,3784.877091584199,0.0,0.0,0.0,0.0,0.0
0.0,3500.0,8100.0,4500.0,0.0,0.0,0.0,0.0,0.0
