thickn,rho,vp,vs,dip,strike,plunge,trend,ani
10757.88632003851,2214.6504541959484,6208.008792505843,3301.7386798988146,0.0,0.0,6.177290955911648,154.80368941504213,2.028781940397964
5579.219782752186,2753.389484021297,6342.429634417574,3146.6674838755453,7.788318301218053,303.6339087536851,18.391674593520865,47.88975764867274,3.4423549429213276
9411.138283458986,3114.7303061090024,6407.316389765316,3624.169457252483,1.8619142437223886,278.66241319351076,2.1142701601334792,304.01970535879923,2.343238631204402
11509.636820641788,3531.8023888792036,6765.288306303861,3519.661326476335,3.5832170569730124,223.09754846606035,38.004565549866626,160.40511506008053,4.307457180952726
0.0,3500.0,8100.0,4500.0,6.014314447958096,293.2528288018516,10.237130526137522,118.87393419282776,5.666380050869259
