thickn,rho,vp,vs,dip,strike,plunge,trend,ani
10620.44721799993,2822.9204898506805,6204.434490081211,3820.992324784445,0.0,0.0,10.830250523093566,118.06406680379195,5.935399358758952
28379.943903973028,2876.1722527185407,6643.221175869472,3542.605103928229,6.701985900519754,353.66500237334105,40.130721491959946,157.4487067731258,3.432044751416441
0.0,3500.0,8100.0,4500.0,2.304885176971873,348.2611573908746,31.01733475103365,214.42428826486656,9.055614682345173
