thickn,rho,vp,vs,dip,strike,plunge,trend,ani
8896.500191517873,2390.9668401012095,6213.027076688455,3593.6915305382886,0.0,0.0,38.354445961052534,263.58391419025014,6.0343434783235335
14758.893293309782,2926.4416607678922,6098.70155711391,3005.998761009382,5.726100808936974,291.45213045131766,15.077314779423132,300.6717297570535,3.640892595081718
11160.33994805335,3120.1318153052753,7072.606532054777,3401.9739949328396,0.9845482902881724,198.64708612550226,41.76189493523966,38.26738310344288,3.338497169379377
0.0,3500.0,8100.0,4500.0,1.5765235576467296,0.5419030473732676,33.04669801034687,299.5454828416889,1.2514144090049872
