index,thickn,rho,vp,vs,dip,strike,plunge,trend,ani
14,8964,2572,5768,3187,0.0,0.0,0.0,0.0,0.0
15,5189,2487,6446,3785,4.164090181846189,201.36927567668818,0.0,0.0,0.0
16,9240,3200,6573,3377,3.804023594211677,43.73759998760774,0.0,0.0,0.0
17,11585,2781,6798,3631,5.070972477597526,243.1645739263501,0.0,0.0,0.0
18,6361,2979,7622,4442,7.004415007403467,177.34509142669796,0.0,0.0,0.0
19,0,3381,8009,4113,2.7431765886292077,238.2655125055624,0.0,0.0,0.0
