thickn,rho,vp,vs,dip,strike,plunge,trend,ani
7137.869782989015,2596.3372591190214,6359.375487525234,3367.988835495426,0.0,0.0,27.750503878122572,91.70969931450435,9.357015383935561
12811.353977775649,2673.3406143756533,6051.796535377646,3608.817373652476,4.954279376283229,355.812879355782,13.70241372671439,210.6014184654478,7.447093511583033
6090.53465028569,3214.7150810697594,7044.5329683969285,3610.61612891713,1.2151775375151166,298.95663897737745,5.174528703537057,164.34474032081238,6.113301213256594
9145.725263573919,3328.8806231206727,6617.731791861249,3839.957174587174,4.8457721921416805e-11,135.40653008105585,28.70039107328052,192.5513167166801,3.673978148882686
0.0,3500.0,8100.0,4500.0,0.28074475063562687,302.1861607100895,23.463042364218342,251.7184444789258,2.0657519353448133
