thickn,rho,vp,vs,dip,strike,plunge,trend,ani
10556.83348908405,2176.02007726327,5911.624164190203,3487.424019528629,0.0,0.0,2.1514918832604835,347.3083467392991,0.19954181185809006
13168.237418471004,2811.5425412446357,6601.170700588603,3600.9292108206123,7.024053062173083,104.87196627316695,23.375993139445644,111.04622021656685,2.720131196774027
9606.030965307145,3258.368784239486,7134.217494790361,3833.8683020965086,3.0013591162514213,28.573596313910798,31.589486970844213,218.82407922790583,8.076304910156022
0.0,3500.0,8100.0,4500.0,5.789069488968856,109.98282457559516,27.389796237300907,222.5726483294794,6.163204006269217
