thickn,rho,vp,vs,dip,strike,plunge,trend,ani
36209.119317002835,2942.1061373965686,6939.023339206346,4079.8744194265896,0.0,0.0,29.300480514710795,15.810694693989262,0.1303116892025633
0.0,3500.0,8100.0,4500.0,6.083759809062826,119.71480987269095,21.686142306610883,127.88333302167943,0.0
