thickn,rho,vp,vs,dip,strike,plunge,trend,ani
31215.828620284832,2243.2173601208697,6358.948804755872,3699.265527975879,0.0,0.0,0.0,0.0,0.0
13796.527293127201,2682.7133869782947,6957.989871183328,4064.415394276174,6.455947408055908,121.81530968517666,38.56995544460594,303.3093714854097,4.060840121540614
0.0,3500.0,8100.0,4500.0,1.5659552265017602,203.31284993135546,0.0,0.0,0.0
