thickn,rho,vp,vs,dip,strike,plunge,trend,ani
41724.75579644056,2762.461739158419,6338.943869044991,4017.706704747764,0.0,0.0,44.62199701758405,66.56859279767735,9.029916334021282
0.0,3500.0,8100.0,4500.0,7.705534972663756,51.81164301614211,0.0,0.0,0.0
