thickn,rho,vp,vs,dip,strike,plunge,trend,ani
33535.850899542085,2709.6432684687234,7429.971970063517,3718.332239148725,0.0,0.0,28.7537777308122,34.13450002844866,6.050784463626827
0.0,3500.0,8100.0,4500.0,4.329264246029456,16.40462644283104,17.51779202764007,22.74915256412753,0.0
