index,thickn,rho,vp,vs,dip,strike,plunge,trend,ani
0,43393,2147,7138,4164,0.0,0.0,80.56862691400315,344.15992679513334,4.2665083855857295
1,0,2346,8295,4930,2.4291255401695273,233.62170707347906,75.30219688726595,111.68362707269422,5.68128149044518
